[
{
  "model": "admin.logentry",
  "pk": 1,
  "fields": {
    "action_time": "2025-02-23T08:51:56.575Z",
    "user": 1,
    "content_type": 14,
    "object_id": "1",
    "object_repr": "الصنوبر (Pinus)",
    "action_flag": 2,
    "change_message": "[{\"changed\": {\"fields\": [\"Flower Type / \\u0646\\u0648\\u0639 \\u0627\\u0644\\u0632\\u0647\\u0631\\u0629\"]}}]"
  }
},
{
  "model": "admin.logentry",
  "pk": 2,
  "fields": {
    "action_time": "2025-02-23T08:52:10.973Z",
    "user": 1,
    "content_type": 14,
    "object_id": "2",
    "object_repr": "البلوط (Quercus)",
    "action_flag": 2,
    "change_message": "[{\"changed\": {\"fields\": [\"Flower Type / \\u0646\\u0648\\u0639 \\u0627\\u0644\\u0632\\u0647\\u0631\\u0629\"]}}]"
  }
},
{
  "model": "admin.logentry",
  "pk": 3,
  "fields": {
    "action_time": "2025-02-23T08:52:32.365Z",
    "user": 1,
    "content_type": 14,
    "object_id": "4",
    "object_repr": "الصفصاف (Salix)",
    "action_flag": 2,
    "change_message": "[{\"changed\": {\"fields\": [\"Flower Type / \\u0646\\u0648\\u0639 \\u0627\\u0644\\u0632\\u0647\\u0631\\u0629\"]}}]"
  }
},
{
  "model": "admin.logentry",
  "pk": 4,
  "fields": {
    "action_time": "2025-02-23T08:52:44.241Z",
    "user": 1,
    "content_type": 14,
    "object_id": "13",
    "object_repr": "تكي ابيض (Morus alba)",
    "action_flag": 2,
    "change_message": "[{\"changed\": {\"fields\": [\"Flower Type / \\u0646\\u0648\\u0639 \\u0627\\u0644\\u0632\\u0647\\u0631\\u0629\"]}}]"
  }
},
{
  "model": "admin.logentry",
  "pk": 5,
  "fields": {
    "action_time": "2025-02-23T08:53:00.774Z",
    "user": 1,
    "content_type": 14,
    "object_id": "14",
    "object_repr": "تكي احمر (Morus nigra)",
    "action_flag": 2,
    "change_message": "[{\"changed\": {\"fields\": [\"Flower Type / \\u0646\\u0648\\u0639 \\u0627\\u0644\\u0632\\u0647\\u0631\\u0629\"]}}]"
  }
},
{
  "model": "admin.logentry",
  "pk": 6,
  "fields": {
    "action_time": "2025-02-23T08:53:10.929Z",
    "user": 1,
    "content_type": 14,
    "object_id": "15",
    "object_repr": "التين (Ficus)",
    "action_flag": 2,
    "change_message": "[{\"changed\": {\"fields\": [\"Flower Type / \\u0646\\u0648\\u0639 \\u0627\\u0644\\u0632\\u0647\\u0631\\u0629\"]}}]"
  }
},
{
  "model": "admin.logentry",
  "pk": 7,
  "fields": {
    "action_time": "2025-02-23T08:53:19.516Z",
    "user": 1,
    "content_type": 14,
    "object_id": "17",
    "object_repr": "الخيار (Cucumis sativus)",
    "action_flag": 2,
    "change_message": "[{\"changed\": {\"fields\": [\"Flower Type / \\u0646\\u0648\\u0639 \\u0627\\u0644\\u0632\\u0647\\u0631\\u0629\"]}}]"
  }
},
{
  "model": "admin.logentry",
  "pk": 8,
  "fields": {
    "action_time": "2025-02-23T08:54:24.958Z",
    "user": 1,
    "content_type": 14,
    "object_id": "18",
    "object_repr": "البطيخ (Cucumis melo)",
    "action_flag": 2,
    "change_message": "[{\"changed\": {\"fields\": [\"Flower Type / \\u0646\\u0648\\u0639 \\u0627\\u0644\\u0632\\u0647\\u0631\\u0629\"]}}]"
  }
},
{
  "model": "admin.logentry",
  "pk": 9,
  "fields": {
    "action_time": "2025-02-23T08:54:31.788Z",
    "user": 1,
    "content_type": 14,
    "object_id": "19",
    "object_repr": "الرقي (Citrullus lanatus)",
    "action_flag": 2,
    "change_message": "[{\"changed\": {\"fields\": [\"Flower Type / \\u0646\\u0648\\u0639 \\u0627\\u0644\\u0632\\u0647\\u0631\\u0629\"]}}]"
  }
},
{
  "model": "admin.logentry",
  "pk": 10,
  "fields": {
    "action_time": "2025-02-23T08:54:43.472Z",
    "user": 1,
    "content_type": 14,
    "object_id": "30",
    "object_repr": "النخيل (Phoenix)",
    "action_flag": 2,
    "change_message": "[{\"changed\": {\"fields\": [\"Flower Type / \\u0646\\u0648\\u0639 \\u0627\\u0644\\u0632\\u0647\\u0631\\u0629\"]}}]"
  }
},
{
  "model": "admin.logentry",
  "pk": 11,
  "fields": {
    "action_time": "2025-02-23T08:54:49.162Z",
    "user": 1,
    "content_type": 14,
    "object_id": "33",
    "object_repr": "الخروع (Ricinus communis)",
    "action_flag": 2,
    "change_message": "[{\"changed\": {\"fields\": [\"Flower Type / \\u0646\\u0648\\u0639 \\u0627\\u0644\\u0632\\u0647\\u0631\\u0629\"]}}]"
  }
},
{
  "model": "admin.logentry",
  "pk": 12,
  "fields": {
    "action_time": "2025-04-04T12:30:25.533Z",
    "user": 1,
    "content_type": 4,
    "object_id": "1",
    "object_repr": "grow",
    "action_flag": 2,
    "change_message": "[{\"changed\": {\"fields\": [\"User permissions\"]}}]"
  }
},
{
  "model": "admin.logentry",
  "pk": 13,
  "fields": {
    "action_time": "2025-04-04T12:45:25.720Z",
    "user": 1,
    "content_type": 4,
    "object_id": "1",
    "object_repr": "grow",
    "action_flag": 2,
    "change_message": "[{\"changed\": {\"fields\": [\"User permissions\"]}}]"
  }
},
{
  "model": "admin.logentry",
  "pk": 14,
  "fields": {
    "action_time": "2025-04-04T12:51:20.541Z",
    "user": 1,
    "content_type": 4,
    "object_id": "2",
    "object_repr": "ahmed",
    "action_flag": 3,
    "change_message": ""
  }
},
{
  "model": "admin.logentry",
  "pk": 15,
  "fields": {
    "action_time": "2025-04-05T12:01:17.550Z",
    "user": 1,
    "content_type": 16,
    "object_id": "1",
    "object_repr": "مادري - Pending Review",
    "action_flag": 1,
    "change_message": "[{\"added\": {}}]"
  }
},
{
  "model": "admin.logentry",
  "pk": 16,
  "fields": {
    "action_time": "2025-04-05T12:01:26.341Z",
    "user": 1,
    "content_type": 16,
    "object_id": "1",
    "object_repr": "مادري - Approved",
    "action_flag": 2,
    "change_message": "[{\"changed\": {\"fields\": [\"Status\"]}}]"
  }
},
{
  "model": "admin.logentry",
  "pk": 17,
  "fields": {
    "action_time": "2025-04-05T12:01:51.267Z",
    "user": 1,
    "content_type": 16,
    "object_id": "1",
    "object_repr": "مادري - Approved",
    "action_flag": 2,
    "change_message": "[]"
  }
},
{
  "model": "admin.logentry",
  "pk": 18,
  "fields": {
    "action_time": "2025-04-05T12:09:51.956Z",
    "user": 1,
    "content_type": 16,
    "object_id": "1",
    "object_repr": "مادري - Pending Review",
    "action_flag": 2,
    "change_message": "[{\"changed\": {\"fields\": [\"Status\"]}}]"
  }
},
{
  "model": "admin.logentry",
  "pk": 19,
  "fields": {
    "action_time": "2025-04-05T12:10:02.111Z",
    "user": 1,
    "content_type": 16,
    "object_id": "1",
    "object_repr": "مادري - Approved",
    "action_flag": 2,
    "change_message": "[{\"changed\": {\"fields\": [\"Status\"]}}]"
  }
},
{
  "model": "admin.logentry",
  "pk": 20,
  "fields": {
    "action_time": "2025-04-05T12:11:19.837Z",
    "user": 1,
    "content_type": 16,
    "object_id": "2",
    "object_repr": "يسبشس - Pending Review",
    "action_flag": 1,
    "change_message": "[{\"added\": {}}]"
  }
},
{
  "model": "admin.logentry",
  "pk": 21,
  "fields": {
    "action_time": "2025-04-05T12:11:29.059Z",
    "user": 1,
    "content_type": 16,
    "object_id": "2",
    "object_repr": "يسبشس - Approved",
    "action_flag": 2,
    "change_message": "[{\"changed\": {\"fields\": [\"Status\"]}}]"
  }
},
{
  "model": "admin.logentry",
  "pk": 22,
  "fields": {
    "action_time": "2025-04-05T12:19:34.377Z",
    "user": 1,
    "content_type": 16,
    "object_id": "2",
    "object_repr": "يسبشس - Pending Review",
    "action_flag": 2,
    "change_message": "[{\"changed\": {\"fields\": [\"Status\"]}}]"
  }
},
{
  "model": "admin.logentry",
  "pk": 23,
  "fields": {
    "action_time": "2025-04-05T12:19:48.104Z",
    "user": 1,
    "content_type": 16,
    "object_id": "2",
    "object_repr": "يسبشس - Approved",
    "action_flag": 2,
    "change_message": "[{\"changed\": {\"fields\": [\"Status\"]}}]"
  }
},
{
  "model": "admin.logentry",
  "pk": 24,
  "fields": {
    "action_time": "2025-04-05T12:20:03.022Z",
    "user": 1,
    "content_type": 16,
    "object_id": "2",
    "object_repr": "يسبشس - Approved",
    "action_flag": 3,
    "change_message": ""
  }
},
{
  "model": "admin.logentry",
  "pk": 25,
  "fields": {
    "action_time": "2025-04-05T12:20:03.027Z",
    "user": 1,
    "content_type": 16,
    "object_id": "1",
    "object_repr": "مادري - Approved",
    "action_flag": 3,
    "change_message": ""
  }
},
{
  "model": "admin.logentry",
  "pk": 26,
  "fields": {
    "action_time": "2025-04-05T12:20:38.370Z",
    "user": 1,
    "content_type": 16,
    "object_id": "3",
    "object_repr": "مادري - Pending Review",
    "action_flag": 1,
    "change_message": "[{\"added\": {}}]"
  }
},
{
  "model": "admin.logentry",
  "pk": 27,
  "fields": {
    "action_time": "2025-04-05T12:20:48.453Z",
    "user": 1,
    "content_type": 16,
    "object_id": "3",
    "object_repr": "مادري - Approved",
    "action_flag": 2,
    "change_message": "[{\"changed\": {\"fields\": [\"Status\"]}}]"
  }
},
{
  "model": "admin.logentry",
  "pk": 28,
  "fields": {
    "action_time": "2025-04-05T12:27:27.942Z",
    "user": 1,
    "content_type": 16,
    "object_id": "3",
    "object_repr": "مادري - Pending Review",
    "action_flag": 2,
    "change_message": "[{\"changed\": {\"fields\": [\"Status\"]}}]"
  }
},
{
  "model": "admin.logentry",
  "pk": 29,
  "fields": {
    "action_time": "2025-04-05T12:27:36.471Z",
    "user": 1,
    "content_type": 16,
    "object_id": "3",
    "object_repr": "مادري - Approved",
    "action_flag": 2,
    "change_message": "[{\"changed\": {\"fields\": [\"Status\"]}}]"
  }
},
{
  "model": "admin.logentry",
  "pk": 30,
  "fields": {
    "action_time": "2025-04-05T12:28:11.196Z",
    "user": 1,
    "content_type": 16,
    "object_id": "3",
    "object_repr": "مادري - Approved",
    "action_flag": 3,
    "change_message": ""
  }
},
{
  "model": "admin.logentry",
  "pk": 31,
  "fields": {
    "action_time": "2025-04-05T12:28:48.748Z",
    "user": 1,
    "content_type": 16,
    "object_id": "4",
    "object_repr": "مادري - Pending Review",
    "action_flag": 1,
    "change_message": "[{\"added\": {}}]"
  }
},
{
  "model": "admin.logentry",
  "pk": 32,
  "fields": {
    "action_time": "2025-04-05T12:29:00.348Z",
    "user": 1,
    "content_type": 16,
    "object_id": "4",
    "object_repr": "مادري - Approved",
    "action_flag": 2,
    "change_message": "[{\"changed\": {\"fields\": [\"Status\"]}}]"
  }
},
{
  "model": "admin.logentry",
  "pk": 33,
  "fields": {
    "action_time": "2025-04-05T12:36:02.552Z",
    "user": 1,
    "content_type": 16,
    "object_id": "4",
    "object_repr": "مادري - Pending Review",
    "action_flag": 2,
    "change_message": "[{\"changed\": {\"fields\": [\"Status\"]}}]"
  }
},
{
  "model": "admin.logentry",
  "pk": 34,
  "fields": {
    "action_time": "2025-04-05T12:36:12.617Z",
    "user": 1,
    "content_type": 16,
    "object_id": "4",
    "object_repr": "مادري - Approved",
    "action_flag": 2,
    "change_message": "[{\"changed\": {\"fields\": [\"Status\"]}}]"
  }
},
{
  "model": "admin.logentry",
  "pk": 35,
  "fields": {
    "action_time": "2025-04-05T12:38:39.004Z",
    "user": 1,
    "content_type": 16,
    "object_id": "5",
    "object_repr": "بيشسب - Pending Review",
    "action_flag": 1,
    "change_message": "[{\"added\": {}}]"
  }
},
{
  "model": "admin.logentry",
  "pk": 36,
  "fields": {
    "action_time": "2025-04-05T12:38:47.509Z",
    "user": 1,
    "content_type": 16,
    "object_id": "5",
    "object_repr": "بيشسب - Approved",
    "action_flag": 2,
    "change_message": "[{\"changed\": {\"fields\": [\"Status\"]}}]"
  }
},
{
  "model": "admin.logentry",
  "pk": 37,
  "fields": {
    "action_time": "2025-04-05T12:48:31.211Z",
    "user": 1,
    "content_type": 16,
    "object_id": "5",
    "object_repr": "بيشسب - Pending Review",
    "action_flag": 2,
    "change_message": "[{\"changed\": {\"fields\": [\"Status\"]}}]"
  }
},
{
  "model": "admin.logentry",
  "pk": 38,
  "fields": {
    "action_time": "2025-04-05T12:48:44.501Z",
    "user": 1,
    "content_type": 16,
    "object_id": "5",
    "object_repr": "بيشسب - Approved",
    "action_flag": 2,
    "change_message": "[{\"changed\": {\"fields\": [\"Status\"]}}]"
  }
},
{
  "model": "admin.logentry",
  "pk": 39,
  "fields": {
    "action_time": "2025-04-05T12:50:41.130Z",
    "user": 1,
    "content_type": 16,
    "object_id": "6",
    "object_repr": "بميشكسنبتمشنسيتب - Pending Review",
    "action_flag": 1,
    "change_message": "[{\"added\": {}}]"
  }
},
{
  "model": "admin.logentry",
  "pk": 40,
  "fields": {
    "action_time": "2025-04-05T12:51:04.467Z",
    "user": 1,
    "content_type": 16,
    "object_id": "6",
    "object_repr": "بميشكسنبتمشنسيتب - Approved",
    "action_flag": 3,
    "change_message": ""
  }
},
{
  "model": "admin.logentry",
  "pk": 41,
  "fields": {
    "action_time": "2025-04-05T12:51:04.473Z",
    "user": 1,
    "content_type": 16,
    "object_id": "5",
    "object_repr": "بيشسب - Approved",
    "action_flag": 3,
    "change_message": ""
  }
},
{
  "model": "admin.logentry",
  "pk": 42,
  "fields": {
    "action_time": "2025-04-05T12:51:04.474Z",
    "user": 1,
    "content_type": 16,
    "object_id": "4",
    "object_repr": "مادري - Approved",
    "action_flag": 3,
    "change_message": ""
  }
},
{
  "model": "admin.logentry",
  "pk": 43,
  "fields": {
    "action_time": "2025-04-05T12:51:15.895Z",
    "user": 1,
    "content_type": 14,
    "object_id": "41",
    "object_repr": "مادري (asdfa)",
    "action_flag": 3,
    "change_message": ""
  }
},
{
  "model": "admin.logentry",
  "pk": 44,
  "fields": {
    "action_time": "2025-04-05T12:51:15.898Z",
    "user": 1,
    "content_type": 14,
    "object_id": "42",
    "object_repr": "بميشكسنبتمشنسيتب ([يسمكشنبتمنس)",
    "action_flag": 3,
    "change_message": ""
  }
},
{
  "model": "admin.logentry",
  "pk": 45,
  "fields": {
    "action_time": "2025-04-05T12:51:41.807Z",
    "user": 1,
    "content_type": 16,
    "object_id": "7",
    "object_repr": "كمشنيتسبمكشن - Pending Review",
    "action_flag": 1,
    "change_message": "[{\"added\": {}}]"
  }
},
{
  "model": "admin.logentry",
  "pk": 46,
  "fields": {
    "action_time": "2025-04-05T12:51:47.838Z",
    "user": 1,
    "content_type": 16,
    "object_id": "7",
    "object_repr": "كمشنيتسبمكشن - Approved",
    "action_flag": 2,
    "change_message": "[{\"changed\": {\"fields\": [\"Status\"]}}]"
  }
},
{
  "model": "admin.logentry",
  "pk": 47,
  "fields": {
    "action_time": "2025-04-05T13:02:30.530Z",
    "user": 1,
    "content_type": 16,
    "object_id": "7",
    "object_repr": "كمشنيتسبمكشن - Pending Review",
    "action_flag": 2,
    "change_message": "[{\"changed\": {\"fields\": [\"Status\"]}}]"
  }
},
{
  "model": "admin.logentry",
  "pk": 48,
  "fields": {
    "action_time": "2025-04-05T13:02:37.906Z",
    "user": 1,
    "content_type": 16,
    "object_id": "7",
    "object_repr": "كمشنيتسبمكشن - Approved",
    "action_flag": 2,
    "change_message": "[{\"changed\": {\"fields\": [\"Status\"]}}]"
  }
},
{
  "model": "admin.logentry",
  "pk": 49,
  "fields": {
    "action_time": "2025-04-05T13:03:03.656Z",
    "user": 1,
    "content_type": 16,
    "object_id": "7",
    "object_repr": "كمشنيتسبمكشن - Pending Review",
    "action_flag": 2,
    "change_message": "[{\"changed\": {\"fields\": [\"Status\"]}}]"
  }
},
{
  "model": "admin.logentry",
  "pk": 50,
  "fields": {
    "action_time": "2025-04-05T13:03:40.501Z",
    "user": 1,
    "content_type": 16,
    "object_id": "7",
    "object_repr": "كمشنيتسبمكشن - Approved",
    "action_flag": 3,
    "change_message": ""
  }
},
{
  "model": "admin.logentry",
  "pk": 51,
  "fields": {
    "action_time": "2025-04-05T13:03:47.602Z",
    "user": 1,
    "content_type": 14,
    "object_id": "43",
    "object_repr": "كمشنيتسبمكشن (كمبنشتس)",
    "action_flag": 3,
    "change_message": ""
  }
},
{
  "model": "admin.logentry",
  "pk": 52,
  "fields": {
    "action_time": "2025-04-05T13:09:29.456Z",
    "user": 1,
    "content_type": 16,
    "object_id": "8",
    "object_repr": "بشتسيابنتم - Pending Review",
    "action_flag": 1,
    "change_message": "[{\"added\": {}}]"
  }
},
{
  "model": "admin.logentry",
  "pk": 53,
  "fields": {
    "action_time": "2025-04-05T13:09:35.410Z",
    "user": 1,
    "content_type": 16,
    "object_id": "8",
    "object_repr": "بشتسيابنتم - Approved",
    "action_flag": 2,
    "change_message": "[{\"changed\": {\"fields\": [\"Status\"]}}]"
  }
},
{
  "model": "admin.logentry",
  "pk": 54,
  "fields": {
    "action_time": "2025-04-05T13:16:37.339Z",
    "user": 1,
    "content_type": 14,
    "object_id": "44",
    "object_repr": "بشتسيابنتم (بشنسميتبا)",
    "action_flag": 3,
    "change_message": ""
  }
},
{
  "model": "admin.logentry",
  "pk": 55,
  "fields": {
    "action_time": "2025-04-05T13:16:44.327Z",
    "user": 1,
    "content_type": 16,
    "object_id": "8",
    "object_repr": "بشتسيابنتم - Approved",
    "action_flag": 3,
    "change_message": ""
  }
},
{
  "model": "admin.logentry",
  "pk": 56,
  "fields": {
    "action_time": "2025-04-05T15:05:21.527Z",
    "user": 1,
    "content_type": 14,
    "object_id": "3",
    "object_repr": "الليمون (Citrus limon)",
    "action_flag": 2,
    "change_message": "[{\"changed\": {\"fields\": [\"Plant Image / \\u0635\\u0648\\u0631\\u0629 \\u0627\\u0644\\u0646\\u0628\\u0627\\u062a\"]}}]"
  }
},
{
  "model": "admin.logentry",
  "pk": 57,
  "fields": {
    "action_time": "2025-04-05T15:05:35.066Z",
    "user": 1,
    "content_type": 14,
    "object_id": "3",
    "object_repr": "الليمون (Citrus limon)",
    "action_flag": 2,
    "change_message": "[{\"changed\": {\"fields\": [\"Plant Image / \\u0635\\u0648\\u0631\\u0629 \\u0627\\u0644\\u0646\\u0628\\u0627\\u062a\"]}}]"
  }
},
{
  "model": "admin.logentry",
  "pk": 58,
  "fields": {
    "action_time": "2025-04-07T16:22:37.661Z",
    "user": 1,
    "content_type": 4,
    "object_id": "5",
    "object_repr": "test",
    "action_flag": 3,
    "change_message": ""
  }
},
{
  "model": "admin.logentry",
  "pk": 59,
  "fields": {
    "action_time": "2025-04-07T16:24:11.750Z",
    "user": 1,
    "content_type": 4,
    "object_id": "3",
    "object_repr": "ahmed",
    "action_flag": 3,
    "change_message": ""
  }
},
{
  "model": "admin.logentry",
  "pk": 60,
  "fields": {
    "action_time": "2025-04-08T10:00:45.456Z",
    "user": 1,
    "content_type": 14,
    "object_id": "1",
    "object_repr": "الصنوبر (Pinus)",
    "action_flag": 2,
    "change_message": "[{\"changed\": {\"fields\": [\"Plant Image / \\u0635\\u0648\\u0631\\u0629 \\u0627\\u0644\\u0646\\u0628\\u0627\\u062a\"]}}]"
  }
},
{
  "model": "admin.logentry",
  "pk": 61,
  "fields": {
    "action_time": "2025-04-08T10:05:32.620Z",
    "user": 1,
    "content_type": 14,
    "object_id": "2",
    "object_repr": "البلوط (Quercus)",
    "action_flag": 2,
    "change_message": "[{\"changed\": {\"fields\": [\"Plant Image / \\u0635\\u0648\\u0631\\u0629 \\u0627\\u0644\\u0646\\u0628\\u0627\\u062a\"]}}]"
  }
},
{
  "model": "admin.logentry",
  "pk": 62,
  "fields": {
    "action_time": "2025-04-08T10:05:46.556Z",
    "user": 1,
    "content_type": 14,
    "object_id": "1",
    "object_repr": "الصنوبر (Pinus)",
    "action_flag": 2,
    "change_message": "[{\"changed\": {\"fields\": [\"Plant Image / \\u0635\\u0648\\u0631\\u0629 \\u0627\\u0644\\u0646\\u0628\\u0627\\u062a\"]}}]"
  }
},
{
  "model": "admin.logentry",
  "pk": 63,
  "fields": {
    "action_time": "2025-04-08T10:07:35.450Z",
    "user": 1,
    "content_type": 14,
    "object_id": "3",
    "object_repr": "الليمون (Citrus limon)",
    "action_flag": 2,
    "change_message": "[{\"changed\": {\"fields\": [\"Plant Image / \\u0635\\u0648\\u0631\\u0629 \\u0627\\u0644\\u0646\\u0628\\u0627\\u062a\"]}}]"
  }
},
{
  "model": "admin.logentry",
  "pk": 64,
  "fields": {
    "action_time": "2025-04-08T10:09:52.098Z",
    "user": 1,
    "content_type": 14,
    "object_id": "4",
    "object_repr": "الصفصاف (Salix)",
    "action_flag": 2,
    "change_message": "[{\"changed\": {\"fields\": [\"Plant Image / \\u0635\\u0648\\u0631\\u0629 \\u0627\\u0644\\u0646\\u0628\\u0627\\u062a\"]}}]"
  }
},
{
  "model": "admin.logentry",
  "pk": 65,
  "fields": {
    "action_time": "2025-04-08T10:11:59.676Z",
    "user": 1,
    "content_type": 14,
    "object_id": "5",
    "object_repr": "الثيل الامريكي (Cynodon dactylon)",
    "action_flag": 2,
    "change_message": "[{\"changed\": {\"fields\": [\"Plant Image / \\u0635\\u0648\\u0631\\u0629 \\u0627\\u0644\\u0646\\u0628\\u0627\\u062a\"]}}]"
  }
},
{
  "model": "admin.logentry",
  "pk": 66,
  "fields": {
    "action_time": "2025-04-08T10:13:01.962Z",
    "user": 1,
    "content_type": 14,
    "object_id": "6",
    "object_repr": "الفاصوليا (Phaseolus vulgaris)",
    "action_flag": 2,
    "change_message": "[{\"changed\": {\"fields\": [\"Plant Image / \\u0635\\u0648\\u0631\\u0629 \\u0627\\u0644\\u0646\\u0628\\u0627\\u062a\"]}}]"
  }
},
{
  "model": "admin.logentry",
  "pk": 67,
  "fields": {
    "action_time": "2025-04-08T10:13:47.527Z",
    "user": 1,
    "content_type": 14,
    "object_id": "7",
    "object_repr": "القرنفل (Dianthus)",
    "action_flag": 2,
    "change_message": "[{\"changed\": {\"fields\": [\"Plant Image / \\u0635\\u0648\\u0631\\u0629 \\u0627\\u0644\\u0646\\u0628\\u0627\\u062a\"]}}]"
  }
},
{
  "model": "admin.logentry",
  "pk": 68,
  "fields": {
    "action_time": "2025-04-08T10:14:46.971Z",
    "user": 1,
    "content_type": 14,
    "object_id": "8",
    "object_repr": "السبانغ (Spinacia)",
    "action_flag": 2,
    "change_message": "[{\"changed\": {\"fields\": [\"Plant Image / \\u0635\\u0648\\u0631\\u0629 \\u0627\\u0644\\u0646\\u0628\\u0627\\u062a\"]}}]"
  }
},
{
  "model": "admin.logentry",
  "pk": 69,
  "fields": {
    "action_time": "2025-04-08T10:17:02.510Z",
    "user": 1,
    "content_type": 14,
    "object_id": "9",
    "object_repr": "الشوندر (Beta vulgaris var. vulgaris)",
    "action_flag": 2,
    "change_message": "[{\"changed\": {\"fields\": [\"Plant Image / \\u0635\\u0648\\u0631\\u0629 \\u0627\\u0644\\u0646\\u0628\\u0627\\u062a\"]}}]"
  }
},
{
  "model": "admin.logentry",
  "pk": 70,
  "fields": {
    "action_time": "2025-04-08T10:18:27.066Z",
    "user": 1,
    "content_type": 14,
    "object_id": "10",
    "object_repr": "السلك (Beta vulgaris var. cicla)",
    "action_flag": 2,
    "change_message": "[{\"changed\": {\"fields\": [\"Plant Image / \\u0635\\u0648\\u0631\\u0629 \\u0627\\u0644\\u0646\\u0628\\u0627\\u062a\"]}}]"
  }
},
{
  "model": "admin.logentry",
  "pk": 71,
  "fields": {
    "action_time": "2025-04-08T10:19:36.601Z",
    "user": 1,
    "content_type": 14,
    "object_id": "11",
    "object_repr": "ورد الجوري (Rosa damascena)",
    "action_flag": 2,
    "change_message": "[{\"changed\": {\"fields\": [\"Plant Image / \\u0635\\u0648\\u0631\\u0629 \\u0627\\u0644\\u0646\\u0628\\u0627\\u062a\"]}}]"
  }
},
{
  "model": "admin.logentry",
  "pk": 72,
  "fields": {
    "action_time": "2025-04-08T10:20:11.992Z",
    "user": 1,
    "content_type": 14,
    "object_id": "12",
    "object_repr": "الخباز (Malva parviflora)",
    "action_flag": 2,
    "change_message": "[{\"changed\": {\"fields\": [\"Plant Image / \\u0635\\u0648\\u0631\\u0629 \\u0627\\u0644\\u0646\\u0628\\u0627\\u062a\"]}}]"
  }
},
{
  "model": "admin.logentry",
  "pk": 73,
  "fields": {
    "action_time": "2025-04-08T10:21:35.606Z",
    "user": 1,
    "content_type": 14,
    "object_id": "13",
    "object_repr": "تكي ابيض (Morus alba)",
    "action_flag": 2,
    "change_message": "[{\"changed\": {\"fields\": [\"Plant Image / \\u0635\\u0648\\u0631\\u0629 \\u0627\\u0644\\u0646\\u0628\\u0627\\u062a\"]}}]"
  }
},
{
  "model": "admin.logentry",
  "pk": 74,
  "fields": {
    "action_time": "2025-04-08T10:22:50.804Z",
    "user": 1,
    "content_type": 14,
    "object_id": "14",
    "object_repr": "تكي احمر (Morus nigra)",
    "action_flag": 2,
    "change_message": "[{\"changed\": {\"fields\": [\"Plant Image / \\u0635\\u0648\\u0631\\u0629 \\u0627\\u0644\\u0646\\u0628\\u0627\\u062a\"]}}]"
  }
},
{
  "model": "admin.logentry",
  "pk": 75,
  "fields": {
    "action_time": "2025-04-08T10:25:54.646Z",
    "user": 1,
    "content_type": 14,
    "object_id": "15",
    "object_repr": "التين (Ficus)",
    "action_flag": 2,
    "change_message": "[{\"changed\": {\"fields\": [\"Plant Image / \\u0635\\u0648\\u0631\\u0629 \\u0627\\u0644\\u0646\\u0628\\u0627\\u062a\"]}}]"
  }
},
{
  "model": "admin.logentry",
  "pk": 76,
  "fields": {
    "action_time": "2025-04-08T10:26:29.449Z",
    "user": 1,
    "content_type": 14,
    "object_id": "16",
    "object_repr": "الفجل (Raphanus sativus)",
    "action_flag": 2,
    "change_message": "[{\"changed\": {\"fields\": [\"Plant Image / \\u0635\\u0648\\u0631\\u0629 \\u0627\\u0644\\u0646\\u0628\\u0627\\u062a\"]}}]"
  }
},
{
  "model": "admin.logentry",
  "pk": 77,
  "fields": {
    "action_time": "2025-04-08T10:27:15.095Z",
    "user": 1,
    "content_type": 14,
    "object_id": "17",
    "object_repr": "الخيار (Cucumis sativus)",
    "action_flag": 2,
    "change_message": "[{\"changed\": {\"fields\": [\"Plant Image / \\u0635\\u0648\\u0631\\u0629 \\u0627\\u0644\\u0646\\u0628\\u0627\\u062a\"]}}]"
  }
},
{
  "model": "admin.logentry",
  "pk": 78,
  "fields": {
    "action_time": "2025-04-08T10:29:49.219Z",
    "user": 1,
    "content_type": 14,
    "object_id": "18",
    "object_repr": "البطيخ (Cucumis melo)",
    "action_flag": 2,
    "change_message": "[{\"changed\": {\"fields\": [\"Plant Image / \\u0635\\u0648\\u0631\\u0629 \\u0627\\u0644\\u0646\\u0628\\u0627\\u062a\"]}}]"
  }
},
{
  "model": "admin.logentry",
  "pk": 79,
  "fields": {
    "action_time": "2025-04-08T10:30:48.418Z",
    "user": 1,
    "content_type": 14,
    "object_id": "19",
    "object_repr": "الرقي (Citrullus lanatus)",
    "action_flag": 2,
    "change_message": "[{\"changed\": {\"fields\": [\"Plant Image / \\u0635\\u0648\\u0631\\u0629 \\u0627\\u0644\\u0646\\u0628\\u0627\\u062a\"]}}]"
  }
},
{
  "model": "admin.logentry",
  "pk": 80,
  "fields": {
    "action_time": "2025-04-08T10:31:39.995Z",
    "user": 1,
    "content_type": 14,
    "object_id": "20",
    "object_repr": "البطاطا (Solanum tuberosum)",
    "action_flag": 2,
    "change_message": "[{\"changed\": {\"fields\": [\"Plant Image / \\u0635\\u0648\\u0631\\u0629 \\u0627\\u0644\\u0646\\u0628\\u0627\\u062a\"]}}]"
  }
},
{
  "model": "admin.logentry",
  "pk": 81,
  "fields": {
    "action_time": "2025-04-08T10:33:50.740Z",
    "user": 1,
    "content_type": 14,
    "object_id": "21",
    "object_repr": "الدغل (Chenopodium)",
    "action_flag": 2,
    "change_message": "[{\"changed\": {\"fields\": [\"Plant Image / \\u0635\\u0648\\u0631\\u0629 \\u0627\\u0644\\u0646\\u0628\\u0627\\u062a\"]}}]"
  }
},
{
  "model": "admin.logentry",
  "pk": 82,
  "fields": {
    "action_time": "2025-04-08T10:34:41.678Z",
    "user": 1,
    "content_type": 14,
    "object_id": "22",
    "object_repr": "القتاد الموصلي (Astragalus mossulensis)",
    "action_flag": 2,
    "change_message": "[{\"changed\": {\"fields\": [\"Plant Image / \\u0635\\u0648\\u0631\\u0629 \\u0627\\u0644\\u0646\\u0628\\u0627\\u062a\"]}}]"
  }
},
{
  "model": "admin.logentry",
  "pk": 83,
  "fields": {
    "action_time": "2025-04-08T10:44:10.559Z",
    "user": 1,
    "content_type": 14,
    "object_id": "23",
    "object_repr": "الشويعرة (Bromus)",
    "action_flag": 2,
    "change_message": "[{\"changed\": {\"fields\": [\"Plant Image / \\u0635\\u0648\\u0631\\u0629 \\u0627\\u0644\\u0646\\u0628\\u0627\\u062a\"]}}]"
  }
},
{
  "model": "admin.logentry",
  "pk": 84,
  "fields": {
    "action_time": "2025-04-08T10:45:06.950Z",
    "user": 1,
    "content_type": 14,
    "object_id": "24",
    "object_repr": "الرمث (Haloxylon)",
    "action_flag": 2,
    "change_message": "[{\"changed\": {\"fields\": [\"Plant Image / \\u0635\\u0648\\u0631\\u0629 \\u0627\\u0644\\u0646\\u0628\\u0627\\u062a\"]}}]"
  }
},
{
  "model": "admin.logentry",
  "pk": 85,
  "fields": {
    "action_time": "2025-04-08T10:45:42.242Z",
    "user": 1,
    "content_type": 14,
    "object_id": "25",
    "object_repr": "البرتقال (Citrus Aurantium)",
    "action_flag": 2,
    "change_message": "[{\"changed\": {\"fields\": [\"Plant Image / \\u0635\\u0648\\u0631\\u0629 \\u0627\\u0644\\u0646\\u0628\\u0627\\u062a\"]}}]"
  }
},
{
  "model": "admin.logentry",
  "pk": 86,
  "fields": {
    "action_time": "2025-04-08T10:46:14.680Z",
    "user": 1,
    "content_type": 14,
    "object_id": "26",
    "object_repr": "الشوك (Prosopis farcta)",
    "action_flag": 2,
    "change_message": "[{\"changed\": {\"fields\": [\"Plant Image / \\u0635\\u0648\\u0631\\u0629 \\u0627\\u0644\\u0646\\u0628\\u0627\\u062a\"]}}]"
  }
},
{
  "model": "admin.logentry",
  "pk": 87,
  "fields": {
    "action_time": "2025-04-08T10:47:16.218Z",
    "user": 1,
    "content_type": 14,
    "object_id": "27",
    "object_repr": "العاقول (Phragmitis australis)",
    "action_flag": 2,
    "change_message": "[{\"changed\": {\"fields\": [\"Plant Image / \\u0635\\u0648\\u0631\\u0629 \\u0627\\u0644\\u0646\\u0628\\u0627\\u062a\"]}}]"
  }
},
{
  "model": "admin.logentry",
  "pk": 88,
  "fields": {
    "action_time": "2025-04-08T10:48:15.567Z",
    "user": 1,
    "content_type": 14,
    "object_id": "28",
    "object_repr": "القصب (Alhagi graecorum)",
    "action_flag": 2,
    "change_message": "[{\"changed\": {\"fields\": [\"Plant Image / \\u0635\\u0648\\u0631\\u0629 \\u0627\\u0644\\u0646\\u0628\\u0627\\u062a\"]}}]"
  }
},
{
  "model": "admin.logentry",
  "pk": 89,
  "fields": {
    "action_time": "2025-04-08T10:50:28.997Z",
    "user": 1,
    "content_type": 14,
    "object_id": "29",
    "object_repr": "البطنج (Stachys)",
    "action_flag": 2,
    "change_message": "[{\"changed\": {\"fields\": [\"Plant Image / \\u0635\\u0648\\u0631\\u0629 \\u0627\\u0644\\u0646\\u0628\\u0627\\u062a\"]}}]"
  }
},
{
  "model": "admin.logentry",
  "pk": 90,
  "fields": {
    "action_time": "2025-04-08T10:51:27.805Z",
    "user": 1,
    "content_type": 14,
    "object_id": "30",
    "object_repr": "النخيل (Phoenix)",
    "action_flag": 2,
    "change_message": "[{\"changed\": {\"fields\": [\"Plant Image / \\u0635\\u0648\\u0631\\u0629 \\u0627\\u0644\\u0646\\u0628\\u0627\\u062a\"]}}]"
  }
},
{
  "model": "admin.logentry",
  "pk": 91,
  "fields": {
    "action_time": "2025-04-08T10:52:08.590Z",
    "user": 1,
    "content_type": 14,
    "object_id": "31",
    "object_repr": "الحنطة (Triticum)",
    "action_flag": 2,
    "change_message": "[{\"changed\": {\"fields\": [\"Plant Image / \\u0635\\u0648\\u0631\\u0629 \\u0627\\u0644\\u0646\\u0628\\u0627\\u062a\"]}}]"
  }
},
{
  "model": "admin.logentry",
  "pk": 92,
  "fields": {
    "action_time": "2025-04-08T10:52:39.265Z",
    "user": 1,
    "content_type": 14,
    "object_id": "32",
    "object_repr": "الشعير (Barley)",
    "action_flag": 2,
    "change_message": "[{\"changed\": {\"fields\": [\"Plant Image / \\u0635\\u0648\\u0631\\u0629 \\u0627\\u0644\\u0646\\u0628\\u0627\\u062a\"]}}]"
  }
},
{
  "model": "admin.logentry",
  "pk": 93,
  "fields": {
    "action_time": "2025-04-08T10:58:39.384Z",
    "user": 1,
    "content_type": 14,
    "object_id": "33",
    "object_repr": "الخروع (Ricinus communis)",
    "action_flag": 2,
    "change_message": "[{\"changed\": {\"fields\": [\"Plant Image / \\u0635\\u0648\\u0631\\u0629 \\u0627\\u0644\\u0646\\u0628\\u0627\\u062a\"]}}]"
  }
},
{
  "model": "admin.logentry",
  "pk": 94,
  "fields": {
    "action_time": "2025-04-08T11:00:26.654Z",
    "user": 1,
    "content_type": 14,
    "object_id": "34",
    "object_repr": "السوسن (Iris)",
    "action_flag": 2,
    "change_message": "[{\"changed\": {\"fields\": [\"Plant Image / \\u0635\\u0648\\u0631\\u0629 \\u0627\\u0644\\u0646\\u0628\\u0627\\u062a\"]}}]"
  }
},
{
  "model": "admin.logentry",
  "pk": 95,
  "fields": {
    "action_time": "2025-04-08T11:04:12.026Z",
    "user": 1,
    "content_type": 14,
    "object_id": "35",
    "object_repr": "الذرة الصفراء (Zea mays)",
    "action_flag": 2,
    "change_message": "[{\"changed\": {\"fields\": [\"Plant Image / \\u0635\\u0648\\u0631\\u0629 \\u0627\\u0644\\u0646\\u0628\\u0627\\u062a\"]}}]"
  }
},
{
  "model": "admin.logentry",
  "pk": 96,
  "fields": {
    "action_time": "2025-04-08T11:04:54.228Z",
    "user": 1,
    "content_type": 14,
    "object_id": "36",
    "object_repr": "البصل (Allium cepa)",
    "action_flag": 2,
    "change_message": "[{\"changed\": {\"fields\": [\"Plant Image / \\u0635\\u0648\\u0631\\u0629 \\u0627\\u0644\\u0646\\u0628\\u0627\\u062a\"]}}]"
  }
},
{
  "model": "admin.logentry",
  "pk": 97,
  "fields": {
    "action_time": "2025-04-08T15:48:10.158Z",
    "user": 1,
    "content_type": 14,
    "object_id": "37",
    "object_repr": "الطماطم (Solanum lycopersicum)",
    "action_flag": 2,
    "change_message": "[{\"changed\": {\"fields\": [\"Plant Image / \\u0635\\u0648\\u0631\\u0629 \\u0627\\u0644\\u0646\\u0628\\u0627\\u062a\"]}}]"
  }
},
{
  "model": "admin.logentry",
  "pk": 98,
  "fields": {
    "action_time": "2025-04-08T15:52:21.388Z",
    "user": 1,
    "content_type": 14,
    "object_id": "38",
    "object_repr": "الباذنجان (Solanum melongena)",
    "action_flag": 2,
    "change_message": "[{\"changed\": {\"fields\": [\"Plant Image / \\u0635\\u0648\\u0631\\u0629 \\u0627\\u0644\\u0646\\u0628\\u0627\\u062a\"]}}]"
  }
},
{
  "model": "admin.logentry",
  "pk": 99,
  "fields": {
    "action_time": "2025-04-08T15:54:03.391Z",
    "user": 1,
    "content_type": 14,
    "object_id": "39",
    "object_repr": "الفلفل (Capsicum)",
    "action_flag": 2,
    "change_message": "[{\"changed\": {\"fields\": [\"Plant Image / \\u0635\\u0648\\u0631\\u0629 \\u0627\\u0644\\u0646\\u0628\\u0627\\u062a\"]}}]"
  }
},
{
  "model": "admin.logentry",
  "pk": 100,
  "fields": {
    "action_time": "2025-04-08T15:59:50.352Z",
    "user": 1,
    "content_type": 14,
    "object_id": "40",
    "object_repr": "الباميا (Abelmoschus esculentus)",
    "action_flag": 2,
    "change_message": "[{\"changed\": {\"fields\": [\"Plant Image / \\u0635\\u0648\\u0631\\u0629 \\u0627\\u0644\\u0646\\u0628\\u0627\\u062a\"]}}]"
  }
},
{
  "model": "admin.logentry",
  "pk": 101,
  "fields": {
    "action_time": "2025-04-08T16:42:56.842Z",
    "user": 1,
    "content_type": 11,
    "object_id": "1",
    "object_repr": " / ",
    "action_flag": 3,
    "change_message": ""
  }
},
{
  "model": "admin.logentry",
  "pk": 102,
  "fields": {
    "action_time": "2025-04-08T18:05:11.739Z",
    "user": 1,
    "content_type": 14,
    "object_id": "1",
    "object_repr": "الصنوبر (Pinus)",
    "action_flag": 2,
    "change_message": "[{\"changed\": {\"fields\": [\"Description / \\u0627\\u0644\\u0648\\u0635\\u0641\"]}}]"
  }
},
{
  "model": "admin.logentry",
  "pk": 103,
  "fields": {
    "action_time": "2025-04-08T18:05:30.575Z",
    "user": 1,
    "content_type": 14,
    "object_id": "2",
    "object_repr": "البلوط (Quercus)",
    "action_flag": 2,
    "change_message": "[{\"changed\": {\"fields\": [\"Description / \\u0627\\u0644\\u0648\\u0635\\u0641\"]}}]"
  }
},
{
  "model": "admin.logentry",
  "pk": 104,
  "fields": {
    "action_time": "2025-04-08T18:06:01.658Z",
    "user": 1,
    "content_type": 14,
    "object_id": "3",
    "object_repr": "الليمون (Citrus limon)",
    "action_flag": 2,
    "change_message": "[{\"changed\": {\"fields\": [\"Description / \\u0627\\u0644\\u0648\\u0635\\u0641\"]}}]"
  }
},
{
  "model": "admin.logentry",
  "pk": 105,
  "fields": {
    "action_time": "2025-04-08T18:06:21.961Z",
    "user": 1,
    "content_type": 14,
    "object_id": "4",
    "object_repr": "الصفصاف (Salix)",
    "action_flag": 2,
    "change_message": "[{\"changed\": {\"fields\": [\"Description / \\u0627\\u0644\\u0648\\u0635\\u0641\"]}}]"
  }
},
{
  "model": "admin.logentry",
  "pk": 106,
  "fields": {
    "action_time": "2025-04-08T18:06:36.680Z",
    "user": 1,
    "content_type": 14,
    "object_id": "5",
    "object_repr": "الثيل الامريكي (Cynodon dactylon)",
    "action_flag": 2,
    "change_message": "[{\"changed\": {\"fields\": [\"Description / \\u0627\\u0644\\u0648\\u0635\\u0641\"]}}]"
  }
},
{
  "model": "admin.logentry",
  "pk": 107,
  "fields": {
    "action_time": "2025-04-08T18:06:55.167Z",
    "user": 1,
    "content_type": 14,
    "object_id": "6",
    "object_repr": "الفاصوليا (Phaseolus vulgaris)",
    "action_flag": 2,
    "change_message": "[{\"changed\": {\"fields\": [\"Description / \\u0627\\u0644\\u0648\\u0635\\u0641\"]}}]"
  }
},
{
  "model": "admin.logentry",
  "pk": 108,
  "fields": {
    "action_time": "2025-04-08T18:07:13.186Z",
    "user": 1,
    "content_type": 14,
    "object_id": "7",
    "object_repr": "القرنفل (Dianthus)",
    "action_flag": 2,
    "change_message": "[{\"changed\": {\"fields\": [\"Description / \\u0627\\u0644\\u0648\\u0635\\u0641\"]}}]"
  }
},
{
  "model": "admin.logentry",
  "pk": 109,
  "fields": {
    "action_time": "2025-04-08T18:07:32.394Z",
    "user": 1,
    "content_type": 14,
    "object_id": "8",
    "object_repr": "السبانغ (Spinacia)",
    "action_flag": 2,
    "change_message": "[{\"changed\": {\"fields\": [\"Description / \\u0627\\u0644\\u0648\\u0635\\u0641\"]}}]"
  }
},
{
  "model": "admin.logentry",
  "pk": 110,
  "fields": {
    "action_time": "2025-04-08T18:07:48.952Z",
    "user": 1,
    "content_type": 14,
    "object_id": "9",
    "object_repr": "الشوندر (Beta vulgaris var. vulgaris)",
    "action_flag": 2,
    "change_message": "[{\"changed\": {\"fields\": [\"Description / \\u0627\\u0644\\u0648\\u0635\\u0641\"]}}]"
  }
},
{
  "model": "admin.logentry",
  "pk": 111,
  "fields": {
    "action_time": "2025-04-08T18:08:05.235Z",
    "user": 1,
    "content_type": 14,
    "object_id": "10",
    "object_repr": "السلك (Beta vulgaris var. cicla)",
    "action_flag": 2,
    "change_message": "[{\"changed\": {\"fields\": [\"Description / \\u0627\\u0644\\u0648\\u0635\\u0641\"]}}]"
  }
},
{
  "model": "admin.logentry",
  "pk": 112,
  "fields": {
    "action_time": "2025-04-08T18:08:28.978Z",
    "user": 1,
    "content_type": 14,
    "object_id": "11",
    "object_repr": "ورد الجوري (Rosa damascena)",
    "action_flag": 2,
    "change_message": "[{\"changed\": {\"fields\": [\"Description / \\u0627\\u0644\\u0648\\u0635\\u0641\"]}}]"
  }
},
{
  "model": "admin.logentry",
  "pk": 113,
  "fields": {
    "action_time": "2025-04-08T18:08:56.222Z",
    "user": 1,
    "content_type": 14,
    "object_id": "12",
    "object_repr": "الخباز (Malva parviflora)",
    "action_flag": 2,
    "change_message": "[{\"changed\": {\"fields\": [\"Description / \\u0627\\u0644\\u0648\\u0635\\u0641\"]}}]"
  }
},
{
  "model": "admin.logentry",
  "pk": 114,
  "fields": {
    "action_time": "2025-04-08T18:09:10.072Z",
    "user": 1,
    "content_type": 14,
    "object_id": "13",
    "object_repr": "تكي ابيض (Morus alba)",
    "action_flag": 2,
    "change_message": "[{\"changed\": {\"fields\": [\"Description / \\u0627\\u0644\\u0648\\u0635\\u0641\"]}}]"
  }
},
{
  "model": "admin.logentry",
  "pk": 115,
  "fields": {
    "action_time": "2025-04-08T18:09:25.010Z",
    "user": 1,
    "content_type": 14,
    "object_id": "14",
    "object_repr": "تكي احمر (Morus nigra)",
    "action_flag": 2,
    "change_message": "[{\"changed\": {\"fields\": [\"Description / \\u0627\\u0644\\u0648\\u0635\\u0641\"]}}]"
  }
},
{
  "model": "admin.logentry",
  "pk": 116,
  "fields": {
    "action_time": "2025-04-08T18:09:46.250Z",
    "user": 1,
    "content_type": 14,
    "object_id": "15",
    "object_repr": "التين (Ficus)",
    "action_flag": 2,
    "change_message": "[{\"changed\": {\"fields\": [\"Description / \\u0627\\u0644\\u0648\\u0635\\u0641\"]}}]"
  }
},
{
  "model": "admin.logentry",
  "pk": 117,
  "fields": {
    "action_time": "2025-04-08T18:10:09.868Z",
    "user": 1,
    "content_type": 14,
    "object_id": "16",
    "object_repr": "الفجل (Raphanus sativus)",
    "action_flag": 2,
    "change_message": "[{\"changed\": {\"fields\": [\"Description / \\u0627\\u0644\\u0648\\u0635\\u0641\"]}}]"
  }
},
{
  "model": "admin.logentry",
  "pk": 118,
  "fields": {
    "action_time": "2025-04-08T18:10:39.695Z",
    "user": 1,
    "content_type": 14,
    "object_id": "17",
    "object_repr": "الخيار (Cucumis sativus)",
    "action_flag": 2,
    "change_message": "[{\"changed\": {\"fields\": [\"Description / \\u0627\\u0644\\u0648\\u0635\\u0641\"]}}]"
  }
},
{
  "model": "admin.logentry",
  "pk": 119,
  "fields": {
    "action_time": "2025-04-08T18:10:59.947Z",
    "user": 1,
    "content_type": 14,
    "object_id": "18",
    "object_repr": "البطيخ (Cucumis melo)",
    "action_flag": 2,
    "change_message": "[{\"changed\": {\"fields\": [\"Description / \\u0627\\u0644\\u0648\\u0635\\u0641\"]}}]"
  }
},
{
  "model": "admin.logentry",
  "pk": 120,
  "fields": {
    "action_time": "2025-04-08T18:11:24.287Z",
    "user": 1,
    "content_type": 14,
    "object_id": "19",
    "object_repr": "الرقي (Citrullus lanatus)",
    "action_flag": 2,
    "change_message": "[{\"changed\": {\"fields\": [\"Description / \\u0627\\u0644\\u0648\\u0635\\u0641\"]}}]"
  }
},
{
  "model": "admin.logentry",
  "pk": 121,
  "fields": {
    "action_time": "2025-04-08T18:11:58.147Z",
    "user": 1,
    "content_type": 14,
    "object_id": "20",
    "object_repr": "البطاطا (Solanum tuberosum)",
    "action_flag": 2,
    "change_message": "[{\"changed\": {\"fields\": [\"Description / \\u0627\\u0644\\u0648\\u0635\\u0641\"]}}]"
  }
},
{
  "model": "admin.logentry",
  "pk": 122,
  "fields": {
    "action_time": "2025-04-08T18:12:13.928Z",
    "user": 1,
    "content_type": 14,
    "object_id": "21",
    "object_repr": "الدغل (Chenopodium)",
    "action_flag": 2,
    "change_message": "[{\"changed\": {\"fields\": [\"Description / \\u0627\\u0644\\u0648\\u0635\\u0641\"]}}]"
  }
},
{
  "model": "admin.logentry",
  "pk": 123,
  "fields": {
    "action_time": "2025-04-08T18:12:40.121Z",
    "user": 1,
    "content_type": 14,
    "object_id": "22",
    "object_repr": "القتاد الموصلي (Astragalus mossulensis)",
    "action_flag": 2,
    "change_message": "[{\"changed\": {\"fields\": [\"Description / \\u0627\\u0644\\u0648\\u0635\\u0641\"]}}]"
  }
},
{
  "model": "admin.logentry",
  "pk": 124,
  "fields": {
    "action_time": "2025-04-08T18:12:58.240Z",
    "user": 1,
    "content_type": 14,
    "object_id": "23",
    "object_repr": "الشويعرة (Bromus)",
    "action_flag": 2,
    "change_message": "[{\"changed\": {\"fields\": [\"Description / \\u0627\\u0644\\u0648\\u0635\\u0641\"]}}]"
  }
},
{
  "model": "admin.logentry",
  "pk": 125,
  "fields": {
    "action_time": "2025-04-08T18:13:18.258Z",
    "user": 1,
    "content_type": 14,
    "object_id": "24",
    "object_repr": "الرمث (Haloxylon)",
    "action_flag": 2,
    "change_message": "[{\"changed\": {\"fields\": [\"Description / \\u0627\\u0644\\u0648\\u0635\\u0641\"]}}]"
  }
},
{
  "model": "admin.logentry",
  "pk": 126,
  "fields": {
    "action_time": "2025-04-08T18:13:42.054Z",
    "user": 1,
    "content_type": 14,
    "object_id": "25",
    "object_repr": "البرتقال (Citrus Aurantium)",
    "action_flag": 2,
    "change_message": "[{\"changed\": {\"fields\": [\"Description / \\u0627\\u0644\\u0648\\u0635\\u0641\"]}}]"
  }
},
{
  "model": "admin.logentry",
  "pk": 127,
  "fields": {
    "action_time": "2025-04-08T18:13:56.190Z",
    "user": 1,
    "content_type": 14,
    "object_id": "26",
    "object_repr": "الشوك (Prosopis farcta)",
    "action_flag": 2,
    "change_message": "[{\"changed\": {\"fields\": [\"Description / \\u0627\\u0644\\u0648\\u0635\\u0641\"]}}]"
  }
},
{
  "model": "admin.logentry",
  "pk": 128,
  "fields": {
    "action_time": "2025-04-08T18:14:10.575Z",
    "user": 1,
    "content_type": 14,
    "object_id": "27",
    "object_repr": "العاقول (Phragmitis australis)",
    "action_flag": 2,
    "change_message": "[{\"changed\": {\"fields\": [\"Description / \\u0627\\u0644\\u0648\\u0635\\u0641\"]}}]"
  }
},
{
  "model": "admin.logentry",
  "pk": 129,
  "fields": {
    "action_time": "2025-04-08T18:14:27.893Z",
    "user": 1,
    "content_type": 14,
    "object_id": "28",
    "object_repr": "القصب (Alhagi graecorum)",
    "action_flag": 2,
    "change_message": "[{\"changed\": {\"fields\": [\"Description / \\u0627\\u0644\\u0648\\u0635\\u0641\"]}}]"
  }
},
{
  "model": "admin.logentry",
  "pk": 130,
  "fields": {
    "action_time": "2025-04-08T18:14:44.501Z",
    "user": 1,
    "content_type": 14,
    "object_id": "29",
    "object_repr": "البطنج (Stachys)",
    "action_flag": 2,
    "change_message": "[{\"changed\": {\"fields\": [\"Description / \\u0627\\u0644\\u0648\\u0635\\u0641\"]}}]"
  }
},
{
  "model": "admin.logentry",
  "pk": 131,
  "fields": {
    "action_time": "2025-04-08T18:14:58.350Z",
    "user": 1,
    "content_type": 14,
    "object_id": "30",
    "object_repr": "النخيل (Phoenix)",
    "action_flag": 2,
    "change_message": "[{\"changed\": {\"fields\": [\"Description / \\u0627\\u0644\\u0648\\u0635\\u0641\"]}}]"
  }
},
{
  "model": "admin.logentry",
  "pk": 132,
  "fields": {
    "action_time": "2025-04-08T18:15:18.838Z",
    "user": 1,
    "content_type": 14,
    "object_id": "31",
    "object_repr": "الحنطة (Triticum)",
    "action_flag": 2,
    "change_message": "[{\"changed\": {\"fields\": [\"Description / \\u0627\\u0644\\u0648\\u0635\\u0641\"]}}]"
  }
},
{
  "model": "admin.logentry",
  "pk": 133,
  "fields": {
    "action_time": "2025-04-08T18:15:34.636Z",
    "user": 1,
    "content_type": 14,
    "object_id": "32",
    "object_repr": "الشعير (Barley)",
    "action_flag": 2,
    "change_message": "[{\"changed\": {\"fields\": [\"Description / \\u0627\\u0644\\u0648\\u0635\\u0641\"]}}]"
  }
},
{
  "model": "admin.logentry",
  "pk": 134,
  "fields": {
    "action_time": "2025-04-08T18:15:58.674Z",
    "user": 1,
    "content_type": 14,
    "object_id": "33",
    "object_repr": "الخروع (Ricinus communis)",
    "action_flag": 2,
    "change_message": "[{\"changed\": {\"fields\": [\"Description / \\u0627\\u0644\\u0648\\u0635\\u0641\"]}}]"
  }
},
{
  "model": "admin.logentry",
  "pk": 135,
  "fields": {
    "action_time": "2025-04-08T18:16:17.432Z",
    "user": 1,
    "content_type": 14,
    "object_id": "34",
    "object_repr": "السوسن (Iris)",
    "action_flag": 2,
    "change_message": "[{\"changed\": {\"fields\": [\"Description / \\u0627\\u0644\\u0648\\u0635\\u0641\"]}}]"
  }
},
{
  "model": "admin.logentry",
  "pk": 136,
  "fields": {
    "action_time": "2025-04-08T18:16:33.754Z",
    "user": 1,
    "content_type": 14,
    "object_id": "35",
    "object_repr": "الذرة الصفراء (Zea mays)",
    "action_flag": 2,
    "change_message": "[{\"changed\": {\"fields\": [\"Description / \\u0627\\u0644\\u0648\\u0635\\u0641\"]}}]"
  }
},
{
  "model": "admin.logentry",
  "pk": 137,
  "fields": {
    "action_time": "2025-04-08T18:17:02.529Z",
    "user": 1,
    "content_type": 14,
    "object_id": "36",
    "object_repr": "البصل (Allium cepa)",
    "action_flag": 2,
    "change_message": "[{\"changed\": {\"fields\": [\"Description / \\u0627\\u0644\\u0648\\u0635\\u0641\"]}}]"
  }
},
{
  "model": "admin.logentry",
  "pk": 138,
  "fields": {
    "action_time": "2025-04-08T18:17:19.397Z",
    "user": 1,
    "content_type": 14,
    "object_id": "37",
    "object_repr": "الطماطم (Solanum lycopersicum)",
    "action_flag": 2,
    "change_message": "[{\"changed\": {\"fields\": [\"Description / \\u0627\\u0644\\u0648\\u0635\\u0641\"]}}]"
  }
},
{
  "model": "admin.logentry",
  "pk": 139,
  "fields": {
    "action_time": "2025-04-08T18:17:37.248Z",
    "user": 1,
    "content_type": 14,
    "object_id": "38",
    "object_repr": "الباذنجان (Solanum melongena)",
    "action_flag": 2,
    "change_message": "[{\"changed\": {\"fields\": [\"Description / \\u0627\\u0644\\u0648\\u0635\\u0641\"]}}]"
  }
},
{
  "model": "admin.logentry",
  "pk": 140,
  "fields": {
    "action_time": "2025-04-09T10:11:04.623Z",
    "user": 1,
    "content_type": 14,
    "object_id": "39",
    "object_repr": "الفلفل (Capsicum)",
    "action_flag": 2,
    "change_message": "[{\"changed\": {\"fields\": [\"Description / \\u0627\\u0644\\u0648\\u0635\\u0641\"]}}]"
  }
},
{
  "model": "admin.logentry",
  "pk": 141,
  "fields": {
    "action_time": "2025-04-09T10:11:18.461Z",
    "user": 1,
    "content_type": 14,
    "object_id": "40",
    "object_repr": "الباميا (Abelmoschus esculentus)",
    "action_flag": 2,
    "change_message": "[{\"changed\": {\"fields\": [\"Description / \\u0627\\u0644\\u0648\\u0635\\u0641\"]}}]"
  }
},
{
  "model": "admin.logentry",
  "pk": 142,
  "fields": {
    "action_time": "2025-04-09T16:15:45.515Z",
    "user": 1,
    "content_type": 20,
    "object_id": "4",
    "object_repr": "الصنوبر at (33.315198, 44.366100)",
    "action_flag": 3,
    "change_message": ""
  }
},
{
  "model": "admin.logentry",
  "pk": 143,
  "fields": {
    "action_time": "2025-04-09T16:15:45.515Z",
    "user": 1,
    "content_type": 20,
    "object_id": "3",
    "object_repr": "الصنوبر at (34.555000, 34.555000)",
    "action_flag": 3,
    "change_message": ""
  }
},
{
  "model": "admin.logentry",
  "pk": 144,
  "fields": {
    "action_time": "2025-04-09T16:15:45.515Z",
    "user": 1,
    "content_type": 20,
    "object_id": "2",
    "object_repr": "الصنوبر at (34.555000, 34.555000)",
    "action_flag": 3,
    "change_message": ""
  }
},
{
  "model": "admin.logentry",
  "pk": 145,
  "fields": {
    "action_time": "2025-04-09T16:15:45.515Z",
    "user": 1,
    "content_type": 20,
    "object_id": "1",
    "object_repr": "الصنوبر at (34.555000, 34.555000)",
    "action_flag": 3,
    "change_message": ""
  }
},
{
  "model": "admin.logentry",
  "pk": 146,
  "fields": {
    "action_time": "2025-04-10T10:40:29.696Z",
    "user": 1,
    "content_type": 14,
    "object_id": "7",
    "object_repr": "القرنفل (Dianthus)",
    "action_flag": 2,
    "change_message": "[{\"changed\": {\"fields\": [\"Plant Image / \\u0635\\u0648\\u0631\\u0629 \\u0627\\u0644\\u0646\\u0628\\u0627\\u062a\"]}}]"
  }
},
{
  "model": "auth.permission",
  "pk": 1,
  "fields": {
    "name": "Can add log entry",
    "content_type": 1,
    "codename": "add_logentry"
  }
},
{
  "model": "auth.permission",
  "pk": 2,
  "fields": {
    "name": "Can change log entry",
    "content_type": 1,
    "codename": "change_logentry"
  }
},
{
  "model": "auth.permission",
  "pk": 3,
  "fields": {
    "name": "Can delete log entry",
    "content_type": 1,
    "codename": "delete_logentry"
  }
},
{
  "model": "auth.permission",
  "pk": 4,
  "fields": {
    "name": "Can view log entry",
    "content_type": 1,
    "codename": "view_logentry"
  }
},
{
  "model": "auth.permission",
  "pk": 5,
  "fields": {
    "name": "Can add permission",
    "content_type": 2,
    "codename": "add_permission"
  }
},
{
  "model": "auth.permission",
  "pk": 6,
  "fields": {
    "name": "Can change permission",
    "content_type": 2,
    "codename": "change_permission"
  }
},
{
  "model": "auth.permission",
  "pk": 7,
  "fields": {
    "name": "Can delete permission",
    "content_type": 2,
    "codename": "delete_permission"
  }
},
{
  "model": "auth.permission",
  "pk": 8,
  "fields": {
    "name": "Can view permission",
    "content_type": 2,
    "codename": "view_permission"
  }
},
{
  "model": "auth.permission",
  "pk": 9,
  "fields": {
    "name": "Can add group",
    "content_type": 3,
    "codename": "add_group"
  }
},
{
  "model": "auth.permission",
  "pk": 10,
  "fields": {
    "name": "Can change group",
    "content_type": 3,
    "codename": "change_group"
  }
},
{
  "model": "auth.permission",
  "pk": 11,
  "fields": {
    "name": "Can delete group",
    "content_type": 3,
    "codename": "delete_group"
  }
},
{
  "model": "auth.permission",
  "pk": 12,
  "fields": {
    "name": "Can view group",
    "content_type": 3,
    "codename": "view_group"
  }
},
{
  "model": "auth.permission",
  "pk": 13,
  "fields": {
    "name": "Can add user",
    "content_type": 4,
    "codename": "add_user"
  }
},
{
  "model": "auth.permission",
  "pk": 14,
  "fields": {
    "name": "Can change user",
    "content_type": 4,
    "codename": "change_user"
  }
},
{
  "model": "auth.permission",
  "pk": 15,
  "fields": {
    "name": "Can delete user",
    "content_type": 4,
    "codename": "delete_user"
  }
},
{
  "model": "auth.permission",
  "pk": 16,
  "fields": {
    "name": "Can view user",
    "content_type": 4,
    "codename": "view_user"
  }
},
{
  "model": "auth.permission",
  "pk": 17,
  "fields": {
    "name": "Can add content type",
    "content_type": 5,
    "codename": "add_contenttype"
  }
},
{
  "model": "auth.permission",
  "pk": 18,
  "fields": {
    "name": "Can change content type",
    "content_type": 5,
    "codename": "change_contenttype"
  }
},
{
  "model": "auth.permission",
  "pk": 19,
  "fields": {
    "name": "Can delete content type",
    "content_type": 5,
    "codename": "delete_contenttype"
  }
},
{
  "model": "auth.permission",
  "pk": 20,
  "fields": {
    "name": "Can view content type",
    "content_type": 5,
    "codename": "view_contenttype"
  }
},
{
  "model": "auth.permission",
  "pk": 21,
  "fields": {
    "name": "Can add session",
    "content_type": 6,
    "codename": "add_session"
  }
},
{
  "model": "auth.permission",
  "pk": 22,
  "fields": {
    "name": "Can change session",
    "content_type": 6,
    "codename": "change_session"
  }
},
{
  "model": "auth.permission",
  "pk": 23,
  "fields": {
    "name": "Can delete session",
    "content_type": 6,
    "codename": "delete_session"
  }
},
{
  "model": "auth.permission",
  "pk": 24,
  "fields": {
    "name": "Can view session",
    "content_type": 6,
    "codename": "view_session"
  }
},
{
  "model": "auth.permission",
  "pk": 25,
  "fields": {
    "name": "Can add profile",
    "content_type": 7,
    "codename": "add_profile"
  }
},
{
  "model": "auth.permission",
  "pk": 26,
  "fields": {
    "name": "Can change profile",
    "content_type": 7,
    "codename": "change_profile"
  }
},
{
  "model": "auth.permission",
  "pk": 27,
  "fields": {
    "name": "Can delete profile",
    "content_type": 7,
    "codename": "delete_profile"
  }
},
{
  "model": "auth.permission",
  "pk": 28,
  "fields": {
    "name": "Can view profile",
    "content_type": 7,
    "codename": "view_profile"
  }
},
{
  "model": "auth.permission",
  "pk": 29,
  "fields": {
    "name": "Can add category",
    "content_type": 8,
    "codename": "add_category"
  }
},
{
  "model": "auth.permission",
  "pk": 30,
  "fields": {
    "name": "Can change category",
    "content_type": 8,
    "codename": "change_category"
  }
},
{
  "model": "auth.permission",
  "pk": 31,
  "fields": {
    "name": "Can delete category",
    "content_type": 8,
    "codename": "delete_category"
  }
},
{
  "model": "auth.permission",
  "pk": 32,
  "fields": {
    "name": "Can view category",
    "content_type": 8,
    "codename": "view_category"
  }
},
{
  "model": "auth.permission",
  "pk": 33,
  "fields": {
    "name": "Can add post",
    "content_type": 9,
    "codename": "add_post"
  }
},
{
  "model": "auth.permission",
  "pk": 34,
  "fields": {
    "name": "Can change post",
    "content_type": 9,
    "codename": "change_post"
  }
},
{
  "model": "auth.permission",
  "pk": 35,
  "fields": {
    "name": "Can delete post",
    "content_type": 9,
    "codename": "delete_post"
  }
},
{
  "model": "auth.permission",
  "pk": 36,
  "fields": {
    "name": "Can view post",
    "content_type": 9,
    "codename": "view_post"
  }
},
{
  "model": "auth.permission",
  "pk": 37,
  "fields": {
    "name": "Can add flower type",
    "content_type": 10,
    "codename": "add_flowertype"
  }
},
{
  "model": "auth.permission",
  "pk": 38,
  "fields": {
    "name": "Can change flower type",
    "content_type": 10,
    "codename": "change_flowertype"
  }
},
{
  "model": "auth.permission",
  "pk": 39,
  "fields": {
    "name": "Can delete flower type",
    "content_type": 10,
    "codename": "delete_flowertype"
  }
},
{
  "model": "auth.permission",
  "pk": 40,
  "fields": {
    "name": "Can view flower type",
    "content_type": 10,
    "codename": "view_flowertype"
  }
},
{
  "model": "auth.permission",
  "pk": 41,
  "fields": {
    "name": "Can add Plant Family",
    "content_type": 11,
    "codename": "add_plantfamily"
  }
},
{
  "model": "auth.permission",
  "pk": 42,
  "fields": {
    "name": "Can change Plant Family",
    "content_type": 11,
    "codename": "change_plantfamily"
  }
},
{
  "model": "auth.permission",
  "pk": 43,
  "fields": {
    "name": "Can delete Plant Family",
    "content_type": 11,
    "codename": "delete_plantfamily"
  }
},
{
  "model": "auth.permission",
  "pk": 44,
  "fields": {
    "name": "Can view Plant Family",
    "content_type": 11,
    "codename": "view_plantfamily"
  }
},
{
  "model": "auth.permission",
  "pk": 45,
  "fields": {
    "name": "Can add Hermaphrodite Flower",
    "content_type": 12,
    "codename": "add_hermaphroditeflower"
  }
},
{
  "model": "auth.permission",
  "pk": 46,
  "fields": {
    "name": "Can change Hermaphrodite Flower",
    "content_type": 12,
    "codename": "change_hermaphroditeflower"
  }
},
{
  "model": "auth.permission",
  "pk": 47,
  "fields": {
    "name": "Can delete Hermaphrodite Flower",
    "content_type": 12,
    "codename": "delete_hermaphroditeflower"
  }
},
{
  "model": "auth.permission",
  "pk": 48,
  "fields": {
    "name": "Can view Hermaphrodite Flower",
    "content_type": 12,
    "codename": "view_hermaphroditeflower"
  }
},
{
  "model": "auth.permission",
  "pk": 49,
  "fields": {
    "name": "Can add Male Flower",
    "content_type": 13,
    "codename": "add_maleflower"
  }
},
{
  "model": "auth.permission",
  "pk": 50,
  "fields": {
    "name": "Can change Male Flower",
    "content_type": 13,
    "codename": "change_maleflower"
  }
},
{
  "model": "auth.permission",
  "pk": 51,
  "fields": {
    "name": "Can delete Male Flower",
    "content_type": 13,
    "codename": "delete_maleflower"
  }
},
{
  "model": "auth.permission",
  "pk": 52,
  "fields": {
    "name": "Can view Male Flower",
    "content_type": 13,
    "codename": "view_maleflower"
  }
},
{
  "model": "auth.permission",
  "pk": 53,
  "fields": {
    "name": "Can add plant",
    "content_type": 14,
    "codename": "add_plant"
  }
},
{
  "model": "auth.permission",
  "pk": 54,
  "fields": {
    "name": "Can change plant",
    "content_type": 14,
    "codename": "change_plant"
  }
},
{
  "model": "auth.permission",
  "pk": 55,
  "fields": {
    "name": "Can delete plant",
    "content_type": 14,
    "codename": "delete_plant"
  }
},
{
  "model": "auth.permission",
  "pk": 56,
  "fields": {
    "name": "Can view plant",
    "content_type": 14,
    "codename": "view_plant"
  }
},
{
  "model": "auth.permission",
  "pk": 57,
  "fields": {
    "name": "Can add Female Flower",
    "content_type": 15,
    "codename": "add_femaleflower"
  }
},
{
  "model": "auth.permission",
  "pk": 58,
  "fields": {
    "name": "Can change Female Flower",
    "content_type": 15,
    "codename": "change_femaleflower"
  }
},
{
  "model": "auth.permission",
  "pk": 59,
  "fields": {
    "name": "Can delete Female Flower",
    "content_type": 15,
    "codename": "delete_femaleflower"
  }
},
{
  "model": "auth.permission",
  "pk": 60,
  "fields": {
    "name": "Can view Female Flower",
    "content_type": 15,
    "codename": "view_femaleflower"
  }
},
{
  "model": "auth.permission",
  "pk": 61,
  "fields": {
    "name": "Can add Plant Submission",
    "content_type": 16,
    "codename": "add_plantsubmission"
  }
},
{
  "model": "auth.permission",
  "pk": 62,
  "fields": {
    "name": "Can change Plant Submission",
    "content_type": 16,
    "codename": "change_plantsubmission"
  }
},
{
  "model": "auth.permission",
  "pk": 63,
  "fields": {
    "name": "Can delete Plant Submission",
    "content_type": 16,
    "codename": "delete_plantsubmission"
  }
},
{
  "model": "auth.permission",
  "pk": 64,
  "fields": {
    "name": "Can view Plant Submission",
    "content_type": 16,
    "codename": "view_plantsubmission"
  }
},
{
  "model": "auth.permission",
  "pk": 65,
  "fields": {
    "name": "Can add blacklisted token",
    "content_type": 17,
    "codename": "add_blacklistedtoken"
  }
},
{
  "model": "auth.permission",
  "pk": 66,
  "fields": {
    "name": "Can change blacklisted token",
    "content_type": 17,
    "codename": "change_blacklistedtoken"
  }
},
{
  "model": "auth.permission",
  "pk": 67,
  "fields": {
    "name": "Can delete blacklisted token",
    "content_type": 17,
    "codename": "delete_blacklistedtoken"
  }
},
{
  "model": "auth.permission",
  "pk": 68,
  "fields": {
    "name": "Can view blacklisted token",
    "content_type": 17,
    "codename": "view_blacklistedtoken"
  }
},
{
  "model": "auth.permission",
  "pk": 69,
  "fields": {
    "name": "Can add outstanding token",
    "content_type": 18,
    "codename": "add_outstandingtoken"
  }
},
{
  "model": "auth.permission",
  "pk": 70,
  "fields": {
    "name": "Can change outstanding token",
    "content_type": 18,
    "codename": "change_outstandingtoken"
  }
},
{
  "model": "auth.permission",
  "pk": 71,
  "fields": {
    "name": "Can delete outstanding token",
    "content_type": 18,
    "codename": "delete_outstandingtoken"
  }
},
{
  "model": "auth.permission",
  "pk": 72,
  "fields": {
    "name": "Can view outstanding token",
    "content_type": 18,
    "codename": "view_outstandingtoken"
  }
},
{
  "model": "auth.permission",
  "pk": 73,
  "fields": {
    "name": "Can add Plant Image",
    "content_type": 19,
    "codename": "add_plantimage"
  }
},
{
  "model": "auth.permission",
  "pk": 74,
  "fields": {
    "name": "Can change Plant Image",
    "content_type": 19,
    "codename": "change_plantimage"
  }
},
{
  "model": "auth.permission",
  "pk": 75,
  "fields": {
    "name": "Can delete Plant Image",
    "content_type": 19,
    "codename": "delete_plantimage"
  }
},
{
  "model": "auth.permission",
  "pk": 76,
  "fields": {
    "name": "Can view Plant Image",
    "content_type": 19,
    "codename": "view_plantimage"
  }
},
{
  "model": "auth.permission",
  "pk": 77,
  "fields": {
    "name": "Can add Plant Location",
    "content_type": 20,
    "codename": "add_plantlocation"
  }
},
{
  "model": "auth.permission",
  "pk": 78,
  "fields": {
    "name": "Can change Plant Location",
    "content_type": 20,
    "codename": "change_plantlocation"
  }
},
{
  "model": "auth.permission",
  "pk": 79,
  "fields": {
    "name": "Can delete Plant Location",
    "content_type": 20,
    "codename": "delete_plantlocation"
  }
},
{
  "model": "auth.permission",
  "pk": 80,
  "fields": {
    "name": "Can view Plant Location",
    "content_type": 20,
    "codename": "view_plantlocation"
  }
},
{
  "model": "auth.user",
  "pk": 1,
  "fields": {
    "password": "pbkdf2_sha256$720000$BkH1kXZETxeHFzOMwPpqS4$tTMaSVgLJMrsp7tOaFuEw6mGl40WWtCQ17A/mOWv9zw=",
    "last_login": "2025-04-04T13:08:37.027Z",
    "is_superuser": true,
    "username": "grow",
    "first_name": "",
    "last_name": "",
    "email": "grow@g.com",
    "is_staff": true,
    "is_active": true,
    "date_joined": "2025-02-17T23:20:17Z",
    "groups": [],
    "user_permissions": [
      1,
      2,
      3,
      4,
      29,
      30,
      31,
      32,
      57,
      58,
      59,
      60,
      37,
      38,
      39,
      40,
      45,
      46,
      47,
      48,
      49,
      50,
      51,
      52,
      53,
      54,
      55,
      56,
      41,
      42,
      43,
      44,
      61,
      62,
      63,
      64,
      33,
      34,
      35,
      36,
      25,
      26,
      27,
      28,
      9,
      10,
      11,
      12,
      5,
      6,
      7,
      8,
      13,
      14,
      15,
      16,
      17,
      18,
      19,
      20,
      21,
      22,
      23,
      24,
      65,
      66,
      67,
      68,
      69,
      70,
      71,
      72
    ]
  }
},
{
  "model": "auth.user",
  "pk": 4,
  "fields": {
    "password": "pbkdf2_sha256$870000$i05jf7xnxnKAyolannlDCC$RVmdf7O4Or3s32Mtunzn8RG/LaxlXcs/DP2DGy6tGnk=",
    "last_login": null,
    "is_superuser": false,
    "username": "bomber",
    "first_name": "",
    "last_name": "",
    "email": "a@g.com",
    "is_staff": false,
    "is_active": true,
    "date_joined": "2025-04-07T16:14:30.755Z",
    "groups": [],
    "user_permissions": []
  }
},
{
  "model": "auth.user",
  "pk": 6,
  "fields": {
    "password": "pbkdf2_sha256$870000$xoOTGxtqVtenQGp1wRvDee$bv4l42mTauYdAluoh+0OAUucoSreeLDpBRqH2EwFvqM=",
    "last_login": null,
    "is_superuser": false,
    "username": "test",
    "first_name": "",
    "last_name": "",
    "email": "t@g.com",
    "is_staff": false,
    "is_active": true,
    "date_joined": "2025-04-07T16:24:59.655Z",
    "groups": [],
    "user_permissions": []
  }
},
{
  "model": "contenttypes.contenttype",
  "pk": 1,
  "fields": {
    "app_label": "admin",
    "model": "logentry"
  }
},
{
  "model": "contenttypes.contenttype",
  "pk": 2,
  "fields": {
    "app_label": "auth",
    "model": "permission"
  }
},
{
  "model": "contenttypes.contenttype",
  "pk": 3,
  "fields": {
    "app_label": "auth",
    "model": "group"
  }
},
{
  "model": "contenttypes.contenttype",
  "pk": 4,
  "fields": {
    "app_label": "auth",
    "model": "user"
  }
},
{
  "model": "contenttypes.contenttype",
  "pk": 5,
  "fields": {
    "app_label": "contenttypes",
    "model": "contenttype"
  }
},
{
  "model": "contenttypes.contenttype",
  "pk": 6,
  "fields": {
    "app_label": "sessions",
    "model": "session"
  }
},
{
  "model": "contenttypes.contenttype",
  "pk": 7,
  "fields": {
    "app_label": "api",
    "model": "profile"
  }
},
{
  "model": "contenttypes.contenttype",
  "pk": 8,
  "fields": {
    "app_label": "api",
    "model": "category"
  }
},
{
  "model": "contenttypes.contenttype",
  "pk": 9,
  "fields": {
    "app_label": "api",
    "model": "post"
  }
},
{
  "model": "contenttypes.contenttype",
  "pk": 10,
  "fields": {
    "app_label": "api",
    "model": "flowertype"
  }
},
{
  "model": "contenttypes.contenttype",
  "pk": 11,
  "fields": {
    "app_label": "api",
    "model": "plantfamily"
  }
},
{
  "model": "contenttypes.contenttype",
  "pk": 12,
  "fields": {
    "app_label": "api",
    "model": "hermaphroditeflower"
  }
},
{
  "model": "contenttypes.contenttype",
  "pk": 13,
  "fields": {
    "app_label": "api",
    "model": "maleflower"
  }
},
{
  "model": "contenttypes.contenttype",
  "pk": 14,
  "fields": {
    "app_label": "api",
    "model": "plant"
  }
},
{
  "model": "contenttypes.contenttype",
  "pk": 15,
  "fields": {
    "app_label": "api",
    "model": "femaleflower"
  }
},
{
  "model": "contenttypes.contenttype",
  "pk": 16,
  "fields": {
    "app_label": "api",
    "model": "plantsubmission"
  }
},
{
  "model": "contenttypes.contenttype",
  "pk": 17,
  "fields": {
    "app_label": "token_blacklist",
    "model": "blacklistedtoken"
  }
},
{
  "model": "contenttypes.contenttype",
  "pk": 18,
  "fields": {
    "app_label": "token_blacklist",
    "model": "outstandingtoken"
  }
},
{
  "model": "contenttypes.contenttype",
  "pk": 19,
  "fields": {
    "app_label": "api",
    "model": "plantimage"
  }
},
{
  "model": "contenttypes.contenttype",
  "pk": 20,
  "fields": {
    "app_label": "api",
    "model": "plantlocation"
  }
},
{
  "model": "sessions.session",
  "pk": "587hn1mr3tp31o498q0a4n8rivbdh72z",
  "fields": {
    "session_data": ".eJxVjDsOwjAQBe_iGln2xp-Ekp4zWGvvBgeQLcVJhXL3ECkFtG9m3kcEXJcc1sZzmEhchRaX3y1ienE5AD2xPKpMtSzzFOWhyJM2ea_E79vp_h1kbPlbGzUwJDbAmGBQo7bsUBGMxkUdfeeAHIPz3iu0yL21XiOg6g11bCOLbQffljfC:1tkNHy:igVeqGw49q8upKAAq9Qj2GFco1ysGNJctpB2Nu35Bpo",
    "expire_date": "2025-03-04T13:05:26.015Z"
  }
},
{
  "model": "sessions.session",
  "pk": "6ppmtiaiywsaf9mgslsotcgyjcffq66z",
  "fields": {
    "session_data": ".eJxVjMsOwiAQAP-FsyEs4enRu99AdrtUqgaS0p6M_64kPeh1ZjIvkXDfStp7XtPC4ixAnH4Z4fTIdQi-Y701ObW6rQvJkcjDdnltnJ-Xo_0bFOxlbK1GZ1QM4JS1nkE77yxrDAAUMwF5QuboeM7RBmUcBDNb8CHGLyXx_gCuTzbN:1tqbYo:HROfmyvZsoIWb-v-hsLHJ0DrLDOX91k3ZVIUmLnCZxM",
    "expire_date": "2025-03-21T17:32:34.349Z"
  }
},
{
  "model": "sessions.session",
  "pk": "v8qa2djal46liwed1z2wjq7bj39ydg0h",
  "fields": {
    "session_data": ".eJxVjEEOwiAQRe_C2pBCGYou3fcMZIYZpGpoUtqV8e7apAvd_vfef6mI21ri1mSJE6uLMur0uxGmh9Qd8B3rbdZprusykd4VfdCmx5nleT3cv4OCrXxr3wtZYMyePEggE8Cf-5CMS8k6R64jK9alzOwGyyAAIWQyCOxh6FC9P-lyOAI:1u0gmj:488fVfhptE2cV4KLOuvLM94qtg8I4CIClYE9JCPUjEg",
    "expire_date": "2025-04-18T13:08:37.029Z"
  }
},
{
  "model": "token_blacklist.outstandingtoken",
  "pk": 1,
  "fields": {
    "user": null,
    "jti": "aac53bab8a1241db99ad871ed90e7ebe",
    "token": "eyJhbGciOiJIUzI1NiIsInR5cCI6IkpXVCJ9.eyJ0b2tlbl90eXBlIjoicmVmcmVzaCIsImV4cCI6MTc0Mzg1NzQ4OCwiaWF0IjoxNzQzNzcxMDg4LCJqdGkiOiJhYWM1M2JhYjhhMTI0MWRiOTlhZDg3MWVkOTBlN2ViZSIsInVzZXJfaWQiOjN9.crpPgw9irTGQQZZFpH0twK0pTEXXEbmIsuRucHRD5KQ",
    "created_at": "2025-04-04T12:51:28.356Z",
    "expires_at": "2025-04-05T12:51:28Z"
  }
},
{
  "model": "token_blacklist.outstandingtoken",
  "pk": 2,
  "fields": {
    "user": null,
    "jti": "2de9a342ede44492b1b86edd8492aff5",
    "token": "eyJhbGciOiJIUzI1NiIsInR5cCI6IkpXVCJ9.eyJ0b2tlbl90eXBlIjoicmVmcmVzaCIsImV4cCI6MTc0Mzg1ODQ0MywiaWF0IjoxNzQzNzcyMDQzLCJqdGkiOiIyZGU5YTM0MmVkZTQ0NDkyYjFiODZlZGQ4NDkyYWZmNSIsInVzZXJfaWQiOjN9.jSfRnyVGssUyO5fY_k4eLd-P5Fk9o2jGqodpbLfH6Zs",
    "created_at": "2025-04-04T13:07:23.194Z",
    "expires_at": "2025-04-05T13:07:23Z"
  }
},
{
  "model": "token_blacklist.outstandingtoken",
  "pk": 3,
  "fields": {
    "user": null,
    "jti": "196add87901f4061bda5f0b8dd5578e5",
    "token": "eyJhbGciOiJIUzI1NiIsInR5cCI6IkpXVCJ9.eyJ0b2tlbl90eXBlIjoicmVmcmVzaCIsImV4cCI6MTc3NTM5MDIxOSwiaWF0IjoxNzQzODU0MjE5LCJqdGkiOiIxOTZhZGQ4NzkwMWY0MDYxYmRhNWYwYjhkZDU1NzhlNSIsInVzZXJfaWQiOjN9.rNvEfkEemlZeshCLew01wEet9TFjfJ9TlUAlNoxqnTQ",
    "created_at": "2025-04-05T11:56:59.784Z",
    "expires_at": "2026-04-05T11:56:59Z"
  }
},
{
  "model": "token_blacklist.outstandingtoken",
  "pk": 4,
  "fields": {
    "user": null,
    "jti": "7fdcf288d8184dc2900f2f076f94f380",
    "token": "eyJhbGciOiJIUzI1NiIsInR5cCI6IkpXVCJ9.eyJ0b2tlbl90eXBlIjoicmVmcmVzaCIsImV4cCI6MTc3NTQwMTY2NiwiaWF0IjoxNzQzODY1NjY2LCJqdGkiOiI3ZmRjZjI4OGQ4MTg0ZGMyOTAwZjJmMDc2Zjk0ZjM4MCIsInVzZXJfaWQiOjN9.yYC4OF0PSAX2oBblhNZf-9aXmsxskxyVwGwSJ57812M",
    "created_at": "2025-04-05T15:07:46.359Z",
    "expires_at": "2026-04-05T15:07:46Z"
  }
},
{
  "model": "token_blacklist.outstandingtoken",
  "pk": 5,
  "fields": {
    "user": 4,
    "jti": "9e3f2b3dda0248d2b2a8d0cf560fcf81",
    "token": "eyJhbGciOiJIUzI1NiIsInR5cCI6IkpXVCJ9.eyJ0b2tlbl90eXBlIjoicmVmcmVzaCIsImV4cCI6MTc3NTU3ODQ3MSwiaWF0IjoxNzQ0MDQyNDcxLCJqdGkiOiI5ZTNmMmIzZGRhMDI0OGQyYjJhOGQwY2Y1NjBmY2Y4MSIsInVzZXJfaWQiOjR9.HTJ8NmxhxsmCsnqSzxFTzNBpXSLOfuJLAmRsHJsrKNY",
    "created_at": "2025-04-07T16:14:31.607Z",
    "expires_at": "2026-04-07T16:14:31Z"
  }
},
{
  "model": "token_blacklist.outstandingtoken",
  "pk": 6,
  "fields": {
    "user": null,
    "jti": "77ff68fcbadf4c18a4f524563a2e81d9",
    "token": "eyJhbGciOiJIUzI1NiIsInR5cCI6IkpXVCJ9.eyJ0b2tlbl90eXBlIjoicmVmcmVzaCIsImV4cCI6MTc3NTU3ODkyMywiaWF0IjoxNzQ0MDQyOTIzLCJqdGkiOiI3N2ZmNjhmY2JhZGY0YzE4YTRmNTI0NTYzYTJlODFkOSIsInVzZXJfaWQiOjV9.VE4ZkGiRMRMQXE_A7pMT8NvXd1MUBCvNTJ7UCqFcnUc",
    "created_at": "2025-04-07T16:22:03.087Z",
    "expires_at": "2026-04-07T16:22:03Z"
  }
},
{
  "model": "token_blacklist.outstandingtoken",
  "pk": 7,
  "fields": {
    "user": 6,
    "jti": "79a5db9535354a2ca7de35f50e29bb6c",
    "token": "eyJhbGciOiJIUzI1NiIsInR5cCI6IkpXVCJ9.eyJ0b2tlbl90eXBlIjoicmVmcmVzaCIsImV4cCI6MTc3NTU3OTEwMCwiaWF0IjoxNzQ0MDQzMTAwLCJqdGkiOiI3OWE1ZGI5NTM1MzU0YTJjYTdkZTM1ZjUwZTI5YmI2YyIsInVzZXJfaWQiOjZ9.uCtJ26uSmncwPM71Ha34eGr-bBd_v6QPIvAF3pvLamk",
    "created_at": "2025-04-07T16:25:00.482Z",
    "expires_at": "2026-04-07T16:25:00Z"
  }
},
{
  "model": "token_blacklist.outstandingtoken",
  "pk": 8,
  "fields": {
    "user": 6,
    "jti": "7690d445671b4f90a3735cc765a8b6a0",
    "token": "eyJhbGciOiJIUzI1NiIsInR5cCI6IkpXVCJ9.eyJ0b2tlbl90eXBlIjoicmVmcmVzaCIsImV4cCI6MTc3NTU3OTEyNCwiaWF0IjoxNzQ0MDQzMTI0LCJqdGkiOiI3NjkwZDQ0NTY3MWI0ZjkwYTM3MzVjYzc2NWE4YjZhMCIsInVzZXJfaWQiOjZ9.iHxMBXXA681uzAlCZV9c1EL6nI_TbH-_nmcYS6mkq0M",
    "created_at": "2025-04-07T16:25:24.808Z",
    "expires_at": "2026-04-07T16:25:24Z"
  }
},
{
  "model": "token_blacklist.outstandingtoken",
  "pk": 9,
  "fields": {
    "user": 6,
    "jti": "d7abc59d06d54f40b953e655fb2de820",
    "token": "eyJhbGciOiJIUzI1NiIsInR5cCI6IkpXVCJ9.eyJ0b2tlbl90eXBlIjoicmVmcmVzaCIsImV4cCI6MTc3NTU4MDE1NCwiaWF0IjoxNzQ0MDQ0MTU0LCJqdGkiOiJkN2FiYzU5ZDA2ZDU0ZjQwYjk1M2U2NTVmYjJkZTgyMCIsInVzZXJfaWQiOjZ9.NlDqCCH0lehks6HUvmGbqOU3cGkbHeym37wyh42Haqc",
    "created_at": "2025-04-07T16:42:34.518Z",
    "expires_at": "2026-04-07T16:42:34Z"
  }
},
{
  "model": "token_blacklist.outstandingtoken",
  "pk": 10,
  "fields": {
    "user": 6,
    "jti": "756310eefaa64243a24f99f600373844",
    "token": "eyJhbGciOiJIUzI1NiIsInR5cCI6IkpXVCJ9.eyJ0b2tlbl90eXBlIjoicmVmcmVzaCIsImV4cCI6MTc3NTY0MTgzNiwiaWF0IjoxNzQ0MTA1ODM2LCJqdGkiOiI3NTYzMTBlZWZhYTY0MjQzYTI0Zjk5ZjYwMDM3Mzg0NCIsInVzZXJfaWQiOjZ9.D_7MnljOa61rlkLrtzYxNoYw91Z5G1joUy8tyP91f34",
    "created_at": "2025-04-08T09:50:36.724Z",
    "expires_at": "2026-04-08T09:50:36Z"
  }
},
{
  "model": "token_blacklist.outstandingtoken",
  "pk": 11,
  "fields": {
    "user": 6,
    "jti": "208df7a229ee41dda7636f9773a11eea",
    "token": "eyJhbGciOiJIUzI1NiIsInR5cCI6IkpXVCJ9.eyJ0b2tlbl90eXBlIjoicmVmcmVzaCIsImV4cCI6MTc3NTY2NDI4MCwiaWF0IjoxNzQ0MTI4MjgwLCJqdGkiOiIyMDhkZjdhMjI5ZWU0MWRkYTc2MzZmOTc3M2ExMWVlYSIsInVzZXJfaWQiOjZ9.GC9fTV_v5Z6fnPGFJ4mJy-nz-_nl2Ovbeii-f2zVzlE",
    "created_at": "2025-04-08T16:04:40.943Z",
    "expires_at": "2026-04-08T16:04:40Z"
  }
},
{
  "model": "token_blacklist.outstandingtoken",
  "pk": 12,
  "fields": {
    "user": 6,
    "jti": "2cf72021206a4e0fb8a3cb2313843abf",
    "token": "eyJhbGciOiJIUzI1NiIsInR5cCI6IkpXVCJ9.eyJ0b2tlbl90eXBlIjoicmVmcmVzaCIsImV4cCI6MTc3NTY2NjM4OCwiaWF0IjoxNzQ0MTMwMzg4LCJqdGkiOiIyY2Y3MjAyMTIwNmE0ZTBmYjhhM2NiMjMxMzg0M2FiZiIsInVzZXJfaWQiOjZ9.pK93zKjfAShz6odm6rmymssbAxoKq3E9oKkYWwF3xY8",
    "created_at": "2025-04-08T16:39:48.953Z",
    "expires_at": "2026-04-08T16:39:48Z"
  }
},
{
  "model": "token_blacklist.outstandingtoken",
  "pk": 13,
  "fields": {
    "user": 6,
    "jti": "ea843cfc1f3643538b92ac243210418f",
    "token": "eyJhbGciOiJIUzI1NiIsInR5cCI6IkpXVCJ9.eyJ0b2tlbl90eXBlIjoicmVmcmVzaCIsImV4cCI6MTc3NTY2NzY2OCwiaWF0IjoxNzQ0MTMxNjY4LCJqdGkiOiJlYTg0M2NmYzFmMzY0MzUzOGI5MmFjMjQzMjEwNDE4ZiIsInVzZXJfaWQiOjZ9.-Cgn2f14ciuH83NUHftDgGroKnqF39HnBflHuxQUBVw",
    "created_at": "2025-04-08T17:01:08.626Z",
    "expires_at": "2026-04-08T17:01:08Z"
  }
},
{
  "model": "token_blacklist.outstandingtoken",
  "pk": 14,
  "fields": {
    "user": 6,
    "jti": "64304949dab74e35a41476b28ff23b11",
    "token": "eyJhbGciOiJIUzI1NiIsInR5cCI6IkpXVCJ9.eyJ0b2tlbl90eXBlIjoicmVmcmVzaCIsImV4cCI6MTc3NTY2ODA0NiwiaWF0IjoxNzQ0MTMyMDQ2LCJqdGkiOiI2NDMwNDk0OWRhYjc0ZTM1YTQxNDc2YjI4ZmYyM2IxMSIsInVzZXJfaWQiOjZ9.-Ma9PHPkmPLNNRTgeld5C5zHDQf21uMVuDhfe45-eKI",
    "created_at": "2025-04-08T17:07:26.773Z",
    "expires_at": "2026-04-08T17:07:26Z"
  }
},
{
  "model": "token_blacklist.outstandingtoken",
  "pk": 15,
  "fields": {
    "user": 6,
    "jti": "06729f48c5314ea3be71d4956d6fc1b3",
    "token": "eyJhbGciOiJIUzI1NiIsInR5cCI6IkpXVCJ9.eyJ0b2tlbl90eXBlIjoicmVmcmVzaCIsImV4cCI6MTc3NTY2OTM2MywiaWF0IjoxNzQ0MTMzMzYzLCJqdGkiOiIwNjcyOWY0OGM1MzE0ZWEzYmU3MWQ0OTU2ZDZmYzFiMyIsInVzZXJfaWQiOjZ9.7OHeZQGJLAyDTZm54Y_4abDUITML0qe_D8bw0_Fn8Ck",
    "created_at": "2025-04-08T17:29:23.021Z",
    "expires_at": "2026-04-08T17:29:23Z"
  }
},
{
  "model": "token_blacklist.outstandingtoken",
  "pk": 16,
  "fields": {
    "user": 6,
    "jti": "561b80ec245e4e929bef635e96d567c3",
    "token": "eyJhbGciOiJIUzI1NiIsInR5cCI6IkpXVCJ9.eyJ0b2tlbl90eXBlIjoicmVmcmVzaCIsImV4cCI6MTc3NTczMDExMSwiaWF0IjoxNzQ0MTk0MTExLCJqdGkiOiI1NjFiODBlYzI0NWU0ZTkyOWJlZjYzNWU5NmQ1NjdjMyIsInVzZXJfaWQiOjZ9.6YVu2iVG-YtDVbFApzKYc4Un8PxyJQxPi7HNVf-8xmg",
    "created_at": "2025-04-09T10:21:51.099Z",
    "expires_at": "2026-04-09T10:21:51Z"
  }
},
{
  "model": "token_blacklist.outstandingtoken",
  "pk": 17,
  "fields": {
    "user": 6,
    "jti": "73945137dc88401fbcd52b419e747623",
    "token": "eyJhbGciOiJIUzI1NiIsInR5cCI6IkpXVCJ9.eyJ0b2tlbl90eXBlIjoicmVmcmVzaCIsImV4cCI6MTc3NTczMTQxOSwiaWF0IjoxNzQ0MTk1NDE5LCJqdGkiOiI3Mzk0NTEzN2RjODg0MDFmYmNkNTJiNDE5ZTc0NzYyMyIsInVzZXJfaWQiOjZ9.VjMBn0GutxX7teCs67J1PBUZ33nkFv2_zW81l1bfXZM",
    "created_at": "2025-04-09T10:43:39.071Z",
    "expires_at": "2026-04-09T10:43:39Z"
  }
},
{
  "model": "token_blacklist.outstandingtoken",
  "pk": 18,
  "fields": {
    "user": 6,
    "jti": "e6167ec187814da992412334009c8b27",
    "token": "eyJhbGciOiJIUzI1NiIsInR5cCI6IkpXVCJ9.eyJ0b2tlbl90eXBlIjoicmVmcmVzaCIsImV4cCI6MTc3NTczMzk1MywiaWF0IjoxNzQ0MTk3OTUzLCJqdGkiOiJlNjE2N2VjMTg3ODE0ZGE5OTI0MTIzMzQwMDljOGIyNyIsInVzZXJfaWQiOjZ9.ZEaqlLgXl9ZqcAvoGrNdtx7bI-3td7ZsivdYitrTku8",
    "created_at": "2025-04-09T11:25:53.217Z",
    "expires_at": "2026-04-09T11:25:53Z"
  }
},
{
  "model": "token_blacklist.outstandingtoken",
  "pk": 19,
  "fields": {
    "user": 6,
    "jti": "1be0c3c43b894cbbb3e9ad9c6fcfd63e",
    "token": "eyJhbGciOiJIUzI1NiIsInR5cCI6IkpXVCJ9.eyJ0b2tlbl90eXBlIjoicmVmcmVzaCIsImV4cCI6MTc3NTczNjE3NywiaWF0IjoxNzQ0MjAwMTc3LCJqdGkiOiIxYmUwYzNjNDNiODk0Y2JiYjNlOWFkOWM2ZmNmZDYzZSIsInVzZXJfaWQiOjZ9.IpzZ4q5YTAukDsaFafQv0eypfA75Jqrf9pNPR2_V22Q",
    "created_at": "2025-04-09T12:02:57.373Z",
    "expires_at": "2026-04-09T12:02:57Z"
  }
},
{
  "model": "token_blacklist.outstandingtoken",
  "pk": 20,
  "fields": {
    "user": 6,
    "jti": "99aa73adba38429a8d949606a8a63cb6",
    "token": "eyJhbGciOiJIUzI1NiIsInR5cCI6IkpXVCJ9.eyJ0b2tlbl90eXBlIjoicmVmcmVzaCIsImV4cCI6MTc3NTc0MDAwMSwiaWF0IjoxNzQ0MjA0MDAxLCJqdGkiOiI5OWFhNzNhZGJhMzg0MjlhOGQ5NDk2MDZhOGE2M2NiNiIsInVzZXJfaWQiOjZ9.sr-Ll5tCs8cM8ggxFC1BTdcRp8z5tShPzznhOuccoSQ",
    "created_at": "2025-04-09T13:06:41.997Z",
    "expires_at": "2026-04-09T13:06:41Z"
  }
},
{
  "model": "token_blacklist.outstandingtoken",
  "pk": 21,
  "fields": {
    "user": 6,
    "jti": "da9cdac4b37341ae90a687d607186e69",
    "token": "eyJhbGciOiJIUzI1NiIsInR5cCI6IkpXVCJ9.eyJ0b2tlbl90eXBlIjoicmVmcmVzaCIsImV4cCI6MTc3NTc0MDk2OSwiaWF0IjoxNzQ0MjA0OTY5LCJqdGkiOiJkYTljZGFjNGIzNzM0MWFlOTBhNjg3ZDYwNzE4NmU2OSIsInVzZXJfaWQiOjZ9.QvQNUhjsay520rjyoqbgiiNo2j95sWN_q0yN3WNiuMs",
    "created_at": "2025-04-09T13:22:49.685Z",
    "expires_at": "2026-04-09T13:22:49Z"
  }
},
{
  "model": "token_blacklist.outstandingtoken",
  "pk": 22,
  "fields": {
    "user": 6,
    "jti": "18cddc54e55240269def3fd2d75e4577",
    "token": "eyJhbGciOiJIUzI1NiIsInR5cCI6IkpXVCJ9.eyJ0b2tlbl90eXBlIjoicmVmcmVzaCIsImV4cCI6MTc3NTc3NzI5MywiaWF0IjoxNzQ0MjQxMjkzLCJqdGkiOiIxOGNkZGM1NGU1NTI0MDI2OWRlZjNmZDJkNzVlNDU3NyIsInVzZXJfaWQiOjZ9.RR5jjvgGAxY4Ejq0eKG0CqOVNHoHeMQHayDqg3wuxEs",
    "created_at": "2025-04-09T23:28:13.239Z",
    "expires_at": "2026-04-09T23:28:13Z"
  }
},
{
  "model": "token_blacklist.outstandingtoken",
  "pk": 23,
  "fields": {
    "user": 6,
    "jti": "a2754a37d26e474ea51111058e6b12d2",
    "token": "eyJhbGciOiJIUzI1NiIsInR5cCI6IkpXVCJ9.eyJ0b2tlbl90eXBlIjoicmVmcmVzaCIsImV4cCI6MTc3NTgxOTg1OCwiaWF0IjoxNzQ0MjgzODU4LCJqdGkiOiJhMjc1NGEzN2QyNmU0NzRlYTUxMTExMDU4ZTZiMTJkMiIsInVzZXJfaWQiOjZ9.-ODE9S4l0YL2Y90YWAzySBTRP7jBQGL7F1hJStJRXUg",
    "created_at": "2025-04-10T11:17:38.685Z",
    "expires_at": "2026-04-10T11:17:38Z"
  }
},
{
  "model": "token_blacklist.outstandingtoken",
  "pk": 24,
  "fields": {
    "user": 6,
    "jti": "0884a35de19749f5a6948f3f812908de",
    "token": "eyJhbGciOiJIUzI1NiIsInR5cCI6IkpXVCJ9.eyJ0b2tlbl90eXBlIjoicmVmcmVzaCIsImV4cCI6MTc3NTgxOTkxNSwiaWF0IjoxNzQ0MjgzOTE1LCJqdGkiOiIwODg0YTM1ZGUxOTc0OWY1YTY5NDhmM2Y4MTI5MDhkZSIsInVzZXJfaWQiOjZ9.1DNQBBnSBtA4-MRcH3OLKsOsGEmrfdtP6c37KDfi9i8",
    "created_at": "2025-04-10T11:18:35.778Z",
    "expires_at": "2026-04-10T11:18:35Z"
  }
},
{
  "model": "token_blacklist.outstandingtoken",
  "pk": 25,
  "fields": {
    "user": 6,
    "jti": "f5c173943d074b29b6cbe227c1344bce",
    "token": "eyJhbGciOiJIUzI1NiIsInR5cCI6IkpXVCJ9.eyJ0b2tlbl90eXBlIjoicmVmcmVzaCIsImV4cCI6MTc3NTgyNTAwMywiaWF0IjoxNzQ0Mjg5MDAzLCJqdGkiOiJmNWMxNzM5NDNkMDc0YjI5YjZjYmUyMjdjMTM0NGJjZSIsInVzZXJfaWQiOjZ9.bLX6AkQjommBOBjZYb4bJNE3GDgT-XbKhn_M4jybaH8",
    "created_at": "2025-04-10T12:43:23.070Z",
    "expires_at": "2026-04-10T12:43:23Z"
  }
},
{
  "model": "token_blacklist.outstandingtoken",
  "pk": 26,
  "fields": {
    "user": 6,
    "jti": "bbbb8ada836f4866bae5f8eecb5ebb48",
    "token": "eyJhbGciOiJIUzI1NiIsInR5cCI6IkpXVCJ9.eyJ0b2tlbl90eXBlIjoicmVmcmVzaCIsImV4cCI6MTc3NjIwNTY0MSwiaWF0IjoxNzQ0NjY5NjQxLCJqdGkiOiJiYmJiOGFkYTgzNmY0ODY2YmFlNWY4ZWVjYjVlYmI0OCIsInVzZXJfaWQiOjZ9.GeiNDq-ZOSAR5bMhC5akpYzEM12jdcapNrRU6fzXrrc",
    "created_at": "2025-04-14T22:27:21.537Z",
    "expires_at": "2026-04-14T22:27:21Z"
  }
},
{
  "model": "token_blacklist.outstandingtoken",
  "pk": 27,
  "fields": {
    "user": 6,
    "jti": "51f0346cbd5f47408504989ee5828202",
    "token": "eyJhbGciOiJIUzI1NiIsInR5cCI6IkpXVCJ9.eyJ0b2tlbl90eXBlIjoicmVmcmVzaCIsImV4cCI6MTc3NjIxODU0MiwiaWF0IjoxNzQ0NjgyNTQyLCJqdGkiOiI1MWYwMzQ2Y2JkNWY0NzQwODUwNDk4OWVlNTgyODIwMiIsInVzZXJfaWQiOjZ9.SSygzOgqRlIT43ZqkIjsqLOwbVO8WgXurGGhWDRcWWo",
    "created_at": "2025-04-15T02:02:22.861Z",
    "expires_at": "2026-04-15T02:02:22Z"
  }
},
{
  "model": "api.plantfamily",
  "pk": 2,
  "fields": {
    "name_arabic": "Pinaceae",
    "name_english": "",
    "name_scientific": "",
    "description_arabic": "",
    "description_english": ""
  }
},
{
  "model": "api.plantfamily",
  "pk": 3,
  "fields": {
    "name_arabic": "Fagaceae",
    "name_english": "",
    "name_scientific": "",
    "description_arabic": "",
    "description_english": ""
  }
},
{
  "model": "api.plantfamily",
  "pk": 4,
  "fields": {
    "name_arabic": "Rutaceae",
    "name_english": "",
    "name_scientific": "",
    "description_arabic": "",
    "description_english": ""
  }
},
{
  "model": "api.plantfamily",
  "pk": 5,
  "fields": {
    "name_arabic": "Salicaceae",
    "name_english": "",
    "name_scientific": "",
    "description_arabic": "",
    "description_english": ""
  }
},
{
  "model": "api.plantfamily",
  "pk": 6,
  "fields": {
    "name_arabic": "Poaceae",
    "name_english": "",
    "name_scientific": "",
    "description_arabic": "",
    "description_english": ""
  }
},
{
  "model": "api.plantfamily",
  "pk": 7,
  "fields": {
    "name_arabic": "Fabaceae",
    "name_english": "",
    "name_scientific": "",
    "description_arabic": "",
    "description_english": ""
  }
},
{
  "model": "api.plantfamily",
  "pk": 8,
  "fields": {
    "name_arabic": "Caryophyllaceae",
    "name_english": "",
    "name_scientific": "",
    "description_arabic": "",
    "description_english": ""
  }
},
{
  "model": "api.plantfamily",
  "pk": 9,
  "fields": {
    "name_arabic": "Amaranthaceae",
    "name_english": "",
    "name_scientific": "",
    "description_arabic": "",
    "description_english": ""
  }
},
{
  "model": "api.plantfamily",
  "pk": 10,
  "fields": {
    "name_arabic": "Rosaceae",
    "name_english": "",
    "name_scientific": "",
    "description_arabic": "",
    "description_english": ""
  }
},
{
  "model": "api.plantfamily",
  "pk": 11,
  "fields": {
    "name_arabic": "Malvaceae",
    "name_english": "",
    "name_scientific": "",
    "description_arabic": "",
    "description_english": ""
  }
},
{
  "model": "api.plantfamily",
  "pk": 12,
  "fields": {
    "name_arabic": "Moraceae",
    "name_english": "",
    "name_scientific": "",
    "description_arabic": "",
    "description_english": ""
  }
},
{
  "model": "api.plantfamily",
  "pk": 13,
  "fields": {
    "name_arabic": "Brassicaceae",
    "name_english": "",
    "name_scientific": "",
    "description_arabic": "",
    "description_english": ""
  }
},
{
  "model": "api.plantfamily",
  "pk": 14,
  "fields": {
    "name_arabic": "Cucurbitaceae",
    "name_english": "",
    "name_scientific": "",
    "description_arabic": "",
    "description_english": ""
  }
},
{
  "model": "api.plantfamily",
  "pk": 15,
  "fields": {
    "name_arabic": "Solanaceae",
    "name_english": "",
    "name_scientific": "",
    "description_arabic": "",
    "description_english": ""
  }
},
{
  "model": "api.plantfamily",
  "pk": 16,
  "fields": {
    "name_arabic": "Chenopodiaceae",
    "name_english": "",
    "name_scientific": "",
    "description_arabic": "",
    "description_english": ""
  }
},
{
  "model": "api.plantfamily",
  "pk": 17,
  "fields": {
    "name_arabic": "Lamiaceae",
    "name_english": "",
    "name_scientific": "",
    "description_arabic": "",
    "description_english": ""
  }
},
{
  "model": "api.plantfamily",
  "pk": 18,
  "fields": {
    "name_arabic": "Arecaceae",
    "name_english": "",
    "name_scientific": "",
    "description_arabic": "",
    "description_english": ""
  }
},
{
  "model": "api.plantfamily",
  "pk": 19,
  "fields": {
    "name_arabic": "Euphorbiaceae",
    "name_english": "",
    "name_scientific": "",
    "description_arabic": "",
    "description_english": ""
  }
},
{
  "model": "api.plantfamily",
  "pk": 20,
  "fields": {
    "name_arabic": "Iridaceae",
    "name_english": "",
    "name_scientific": "",
    "description_arabic": "",
    "description_english": ""
  }
},
{
  "model": "api.plantfamily",
  "pk": 21,
  "fields": {
    "name_arabic": "Amaryllidaceae",
    "name_english": "",
    "name_scientific": "",
    "description_arabic": "",
    "description_english": ""
  }
},
{
  "model": "api.plant",
  "pk": 1,
  "fields": {
    "name_arabic": "الصنوبر",
    "name_english": "",
    "name_scientific": "Pinus",
    "family": 2,
    "classification": "بري",
    "description": "جنس من الأشجار دائمة الخضرة ينتمي إلى العائلة الصنوبرية، يضم حوالي 120 نوعًا منتشرة في نصف الكرة الشمالي. تتميز أشجار الصنوبر بارتفاعها الذي قد يصل إلى 50 مترًا، وبأوراقها الإبرية التي تنمو في مجموعات من 2-5 إبر. تنتج مخاريط خشبية تحتوي على البذور التي تستغرق 1-3 سنوات للنضج. يستخرج من الصنوبر الراتنج والزيوت العطرية، كما يُستخدم خشبه في صناعة الأثاث ومواد البناء والورق. تُعد أشجار الصنوبر ذات أهمية بيئية كبيرة فهي توفر الموائل للحيوانات وتحمي التربة من الانجراف.",
    "image": "plants/Pinus_lIY2Xri.jpg",
    "seed_shape_arabic": "عارية البذور",
    "seed_shape_english": "",
    "cotyledon_type": "DI",
    "flower_type": "BOTH"
  }
},
{
  "model": "api.plant",
  "pk": 2,
  "fields": {
    "name_arabic": "البلوط",
    "name_english": "",
    "name_scientific": "Quercus",
    "family": 3,
    "classification": "بري",
    "description": "جنس من الأشجار المعمرة ينتمي للفصيلة الزانية، يضم أكثر من 500 نوع تنتشر في المناطق المعتدلة والاستوائية. يتميز البلوط بعمره الطويل الذي قد يصل إلى مئات السنين وبارتفاع يتراوح بين 10-40 مترًا. أوراقه متساقطة أو دائمة الخضرة حسب النوع وغالبًا ما تكون مسننة أو مفصصة. ثماره (البلوط) ذات قلنسوة خشبية تحتوي على بذرة واحدة غنية بالنشا. خشب البلوط من أقوى الأخشاب وأكثرها متانة ويستخدم في صناعة الأثاث الراقي والبراميل وسفن الشحن قديمًا. كانت ثمار البلوط غذاءً أساسيًا للإنسان قبل الزراعة وما زالت تُستخدم كعلف للحيوانات.",
    "image": "plants/Quercus_S9x2mN5.jpg",
    "seed_shape_arabic": "مغطاة البذور",
    "seed_shape_english": "",
    "cotyledon_type": "DI",
    "flower_type": "BOTH"
  }
},
{
  "model": "api.plant",
  "pk": 3,
  "fields": {
    "name_arabic": "الليمون",
    "name_english": "",
    "name_scientific": "Citrus limon",
    "family": 4,
    "classification": "اقتصادي",
    "description": "شجرة صغيرة دائمة الخضرة من الفصيلة السذابية، موطنها الأصلي جنوب شرق آسيا. يتراوح ارتفاعها بين 3-6 أمتار، وأوراقها بيضاوية ذات حواف مسننة قليلًا ورائحة مميزة عند سحقها. أزهارها بيضاء عطرية تتحول إلى ثمار صفراء بيضاوية الشكل ذات قشرة سميكة تحتوي على عصير حامض غني جدًا بفيتامين C. يزرع الليمون في المناطق شبه الاستوائية والمعتدلة الدافئة ويستخدم في المطبخ العالمي لإضافة النكهة الحامضة للأطعمة والمشروبات. للليمون استخدامات طبية عديدة كمضاد للأكسدة ومقوٍ للمناعة ومطهر طبيعي، كما يستخرج من قشوره زيت عطري يدخل في صناعة العطور ومستحضرات التجميل.",
    "image": "plants/Citrus_limon.jpeg",
    "seed_shape_arabic": "مغطاة البذور",
    "seed_shape_english": "",
    "cotyledon_type": "DI",
    "flower_type": "HERMAPHRODITE"
  }
},
{
  "model": "api.plant",
  "pk": 4,
  "fields": {
    "name_arabic": "الصفصاف",
    "name_english": "",
    "name_scientific": "Salix",
    "family": 5,
    "classification": "بري",
    "description": "جنس نباتي يضم حوالي 400 نوع من الأشجار والشجيرات التي تنتمي للفصيلة الصفصافية. ينمو الصفصاف عادة بالقرب من مصادر المياه كضفاف الأنهار والبحيرات وفي الأراضي الرطبة. تتميز أشجار الصفصاف بسرعة نموها وبأوراقها الرفيعة الطويلة المدببة وسيقانها المرنة التي تتحرك مع الرياح. أزهاره تظهر في هريرات قبل ظهور الأوراق في الربيع. يحتوي لحاء الصفصاف على مادة الساليسيلات التي تعتبر المصدر الطبيعي للأسبرين، وقد استخدمه الإنسان منذ القدم لعلاج الألم والحمى. يستخدم خشب الصفصاف المرن في صناعة السلال والأثاث وألواح الكريكيت، كما تزرع بعض أنواعه لإنتاج الكتلة الحيوية كمصدر للطاقة المتجددة.",
    "image": "plants/Salix_EErKg69.jpg",
    "seed_shape_arabic": "مغطاة البذور",
    "seed_shape_english": "",
    "cotyledon_type": "DI",
    "flower_type": "BOTH"
  }
},
{
  "model": "api.plant",
  "pk": 5,
  "fields": {
    "name_arabic": "الثيل الامريكي",
    "name_english": "",
    "name_scientific": "Cynodon dactylon",
    "family": 6,
    "classification": "نباتات الزينة",
    "description": "عشب معمر سريع النمو من الفصيلة النجيلية، يُعرف أيضًا بالنجيل أو عشب برمودا. موطنه الأصلي أفريقيا لكنه انتشر عالميًا. ينمو بارتفاع 15-30 سم ويتميز بسيقانه الزاحفة على سطح التربة وتحتها (الريزومات) مما يساعده على الانتشار السريع وتكوين بساط كثيف. أوراقه خضراء رفيعة ونورته تشبه أصابع اليد المفتوحة. يعتبر الثيل من أكثر أنواع العشب تحملًا للجفاف والحرارة والدوس المستمر، لذا يستخدم في تغطية الملاعب الرياضية والحدائق في المناطق الحارة. يستخدم أيضًا في تثبيت التربة ومكافحة التعرية، ويعد علفًا جيدًا للماشية. رغم فوائده، يعتبر في بعض المناطق عشبًا غازيًا يصعب التخلص منه عند تطفله على المحاصيل.",
    "image": "plants/Cynodon_dactylon.jpg",
    "seed_shape_arabic": "مغطاة البذور",
    "seed_shape_english": "",
    "cotyledon_type": "MONO",
    "flower_type": "HERMAPHRODITE"
  }
},
{
  "model": "api.plant",
  "pk": 6,
  "fields": {
    "name_arabic": "الفاصوليا",
    "name_english": "",
    "name_scientific": "Phaseolus vulgaris",
    "family": 7,
    "classification": "اقتصادي",
    "description": "محصول بقولي سنوي من الفصيلة البقولية، موطنه الأصلي أمريكا الوسطى والجنوبية ويزرع حاليًا في جميع أنحاء العالم. نبات متسلق أو قائم يصل ارتفاعه إلى 2 متر حسب الصنف. أوراقه مركبة ثلاثية وأزهاره بيضاء أو قرمزية تتحول إلى قرون خضراء تحتوي على البذور. تؤكل الفاصوليا إما خضراء (قرون) أو يابسة (بذور ناضجة) وتعتبر مصدرًا ممتازًا للبروتين النباتي والألياف والمعادن مثل الحديد والمغنيسيوم. زراعة الفاصوليا تحسن خصوبة التربة لقدرتها على تثبيت النيتروجين الجوي بفضل تعايشها مع بكتيريا الريزوبيوم. تضم الفاصوليا أصنافًا متعددة مثل الفاصوليا البيضاء والحمراء والسوداء والخضراء، ولكل منها استخدامات مختلفة في المطابخ العالمية.",
    "image": "plants/Phaseolus_vilgaris.jpg",
    "seed_shape_arabic": "مغطاة البذور",
    "seed_shape_english": "",
    "cotyledon_type": "DI",
    "flower_type": "HERMAPHRODITE"
  }
},
{
  "model": "api.plant",
  "pk": 7,
  "fields": {
    "name_arabic": "القرنفل",
    "name_english": "",
    "name_scientific": "Dianthus",
    "family": 8,
    "classification": "نباتات الزينة",
    "description": "جنس نباتي زهري من الفصيلة القرنفلية يضم أكثر من 300 نوع من النباتات الحولية والمعمرة. موطنه الأصلي أوروبا وآسيا. يتراوح ارتفاع نباتات القرنفل بين 10-80 سم حسب النوع وتتميز بأوراقها الرمحية المتقابلة ذات اللون الأخضر المزرق. أزهارها جميلة ذات خمس بتلات مسننة من الحافة تأتي بألوان متعددة كالأبيض والوردي والأحمر والقرمزي، وتتميز برائحتها العطرية التي تشبه القرنفل (التوابل). أشهر أنواعه قرنفل القطف (D. caryophyllus) الذي يزرع لأغراض تجارية في تنسيق باقات الزهور. يستخدم القرنفل في تزيين الحدائق والمتنزهات ولتجميل الشرفات، كما تستخدم بعض أنواعه في الطب التقليدي وصناعة العطور.",
    "image": "plants/Dianthus_32jKNWa.jpg",
    "seed_shape_arabic": "مغطاة البذور",
    "seed_shape_english": "",
    "cotyledon_type": "DI",
    "flower_type": "HERMAPHRODITE"
  }
},
{
  "model": "api.plant",
  "pk": 8,
  "fields": {
    "name_arabic": "السبانغ",
    "name_english": "",
    "name_scientific": "Spinacia",
    "family": 9,
    "classification": "اقتصادي",
    "description": "نبات ورقي سنوي من الفصيلة القطيفية، موطنه الأصلي غرب آسيا. يصل ارتفاعه إلى 30 سم ويتميز بأوراقه الخضراء الداكنة ذات الشكل البيضاوي أو السهمي والتي تنمو في تجمع قاعدي. نبات ثنائي المسكن حيث توجد النباتات الذكرية والأنثوية منفصلة. السبانخ من أغنى الخضروات بالعناصر الغذائية حيث يحتوي على نسب عالية من الحديد والكالسيوم وفيتامينات A وC ومضادات الأكسدة. يزرع في المواسم الباردة حيث أنه يتحمل الصقيع ولكنه يتجه للإزهار سريعًا في الحرارة. استهلاك السبانخ ارتبط بزيادة القوة في ثقافة البوب نظرًا لشخصية بحار الكرتون \"بوباي\" الذي كان يستمد قوته من تناوله. يستخدم في السلطات والشوربات والفطائر وأطباق متنوعة حول العالم.",
    "image": "plants/Spinacia_YPWvPfo.jpg",
    "seed_shape_arabic": "مغطاة البذور",
    "seed_shape_english": "",
    "cotyledon_type": "DI",
    "flower_type": "HERMAPHRODITE"
  }
},
{
  "model": "api.plant",
  "pk": 9,
  "fields": {
    "name_arabic": "الشوندر",
    "name_english": "",
    "name_scientific": "Beta vulgaris var. vulgaris",
    "family": 9,
    "classification": "اقتصادي",
    "description": "ُعرف أيضًا بالبنجر أو الشمندر الأحمر، وهو محصول جذري من الفصيلة القطيفية. موطنه الأصلي منطقة البحر المتوسط. يتميز بجذوره المتضخمة ذات اللون الأرجواني الغامق الناتج عن صبغات البيتالين. أوراقه كبيرة لامعة خضراء داكنة مع عروق حمراء أرجوانية. يحتوي الشوندر على نسبة عالية من مضادات الأكسدة والنترات والألياف والفولات والمنغنيز. يساعد على خفض ضغط الدم وتحسين الأداء الرياضي بسبب محتواه من النترات التي تتحول في الجسم إلى أكسيد النيتريك. يستخدم في الطعام كخضار مطبوخ أو مخلل أو في السلطات، ويستخدم أيضًا في صناعة السكر في بعض البلدان، وكصبغة طبيعية للأغذية ومستحضرات التجميل.",
    "image": "plants/vulgaris_bAvkNcX.JPG",
    "seed_shape_arabic": "مغطاة البذور",
    "seed_shape_english": "",
    "cotyledon_type": "DI",
    "flower_type": "HERMAPHRODITE"
  }
},
{
  "model": "api.plant",
  "pk": 10,
  "fields": {
    "name_arabic": "السلك",
    "name_english": "",
    "name_scientific": "Beta vulgaris var. cicla",
    "family": 9,
    "classification": "اقتصادي",
    "description": "نبات ورقي من نفس فصيلة الشوندر، لكنه يُزرع من أجل أوراقه وليس جذوره. يتميز بأعناق أوراقه السميكة الملونة التي تأتي بألوان متعددة كالأبيض والأصفر والبرتقالي والأحمر والأرجواني حسب الصنف. أوراقه كبيرة خضراء داكنة مجعدة ولامعة. يصل ارتفاع النبات إلى حوالي 60 سم. السلق غني جدًا بالفيتامينات خاصة A وK والمعادن مثل المغنيسيوم والحديد والبوتاسيوم. يعتبر من الخضروات المقاومة للبرد ويمكن حصاده على مدار عدة أشهر بقطف الأوراق الخارجية. يطبخ السلق عادة حيث تستخدم أعناق الأوراق والأوراق نفسها في أطباق مختلفة مثل السلطات والشوربات والمخبوزات، وهو شائع في المطبخ المتوسطي والشرق أوسطي.",
    "image": "plants/Beta_vulgaris_var._cicla.jpg",
    "seed_shape_arabic": "مغطاة البذور",
    "seed_shape_english": "",
    "cotyledon_type": "DI",
    "flower_type": "HERMAPHRODITE"
  }
},
{
  "model": "api.plant",
  "pk": 11,
  "fields": {
    "name_arabic": "ورد الجوري",
    "name_english": "",
    "name_scientific": "Rosa damascena",
    "family": 10,
    "classification": "نباتات الزينة",
    "description": "نوع من الورود العطرية يُعرف أيضًا بالورد الدمشقي، ينتمي للفصيلة الوردية. نشأ على الأرجح من تهجين طبيعي بين Rosa gallica وRosa phoenicia في منطقة الشرق الأوسط. شجيرة شوكية معمرة يصل ارتفاعها إلى 2 متر. يتميز بأزهاره الوردية الكبيرة متعددة البتلات (30-40 بتلة) ذات الرائحة العطرية القوية والتي تتفتح في أواخر الربيع. يُعد ورد الجوري من أقدم أنواع الورود المزروعة في العالم ويشتهر بزراعته في بلغاريا وتركيا وإيران والمغرب لاستخراج الزيوت العطرية. يستخدم في صناعة ماء الورد وزيت الورد اللذين يدخلان في تركيب العطور الفاخرة والحلويات الشرقية ومستحضرات التجميل. له استخدامات طبية في الطب التقليدي كمهدئ ومضاد للالتهابات، وتُستخدم بتلاته أيضًا في صناعة الشاي ومربى الورد.",
    "image": "plants/Damask_rose.jpg",
    "seed_shape_arabic": "مغطاة البذور",
    "seed_shape_english": "",
    "cotyledon_type": "DI",
    "flower_type": "HERMAPHRODITE"
  }
},
{
  "model": "api.plant",
  "pk": 12,
  "fields": {
    "name_arabic": "الخباز",
    "name_english": "",
    "name_scientific": "Malva parviflora",
    "family": 11,
    "classification": "بري",
    "description": "عشب سنوي أو ثنائي الحول من الفصيلة الخبازية، ينتشر في منطقة البحر المتوسط وغرب آسيا وشمال أفريقيا. يصل ارتفاعه إلى حوالي 80 سم، وله سيقان متفرعة وأوراق مستديرة أو كلوية الشكل ذات حواف مسننة. أزهاره صغيرة بيضاء أو وردية باهتة تظهر في الربيع والصيف. يعتبر الخباز من النباتات البرية الصالحة للأكل حيث تستخدم أوراقه الغضة في السلطات أو مطبوخة كالسبانخ. غني بالمواد المخاطية التي تعطي قوامًا لزجًا عند طبخه ويحتوي على فيتامينات ومعادن مفيدة. في الطب التقليدي، يستخدم الخباز كملين طبيعي ومهدئ للسعال ومضاد للالتهاب، ويستخدم خارجيًا لعلاج التهابات الجلد والجروح. على الرغم من فوائده، يعتبر في بعض المناطق عشبًا ضارًا يتنافس مع المحاصيل الزراعية.",
    "image": "plants/Malva_parviflora.jpg",
    "seed_shape_arabic": "مغطاة البذور",
    "seed_shape_english": "",
    "cotyledon_type": "DI",
    "flower_type": "HERMAPHRODITE"
  }
},
{
  "model": "api.plant",
  "pk": 13,
  "fields": {
    "name_arabic": "تكي ابيض",
    "name_english": "",
    "name_scientific": "Morus alba",
    "family": 12,
    "classification": "بري",
    "description": "شجرة التوت الأبيض متساقطة الأوراق من الفصيلة التوتية، موطنها الأصلي الصين. يصل ارتفاعها إلى 15 مترًا ولها تاج واسع. أوراقها بيضاوية مدببة ذات حواف مسننة، وغالبًا ما تكون متباينة الشكل حتى على الشجرة نفسها. الثمار عنبية مركبة بيضاء إلى وردية اللون، حلوة المذاق عند النضج. زُرع التوت الأبيض تاريخيًا بشكل رئيسي لتغذية دودة القز في صناعة الحرير، حيث تعتبر أوراقه الغذاء المفضل ليرقات دودة القز. ثماره صالحة للأكل وغنية بمضادات الأكسدة والفيتامينات، وتؤكل طازجة أو تستخدم في صناعة المربى والعصائر. في الطب الصيني التقليدي، تستخدم أجزاء مختلفة من الشجرة لخصائصها المضادة للالتهابات ولخفض سكر الدم. خشب التوت الأبيض متين ويُستخدم في صناعة الآلات الموسيقية والأثاث.",
    "image": "plants/Morus_alba.jpg",
    "seed_shape_arabic": "مغطاة البذور",
    "seed_shape_english": "",
    "cotyledon_type": "DI",
    "flower_type": "BOTH"
  }
},
{
  "model": "api.plant",
  "pk": 14,
  "fields": {
    "name_arabic": "تكي احمر",
    "name_english": "",
    "name_scientific": "Morus nigra",
    "family": 12,
    "classification": "بري",
    "description": "شجرة التوت الأسود متساقطة الأوراق من الفصيلة التوتية، موطنها الأصلي غرب آسيا. أصغر حجمًا من التوت الأبيض حيث يصل ارتفاعها إلى 12 مترًا. أوراقها قلبية الشكل خشنة الملمس داكنة اللون. ثمارها عنبية مركبة أرجوانية داكنة تقارب السواد عند النضج، أكبر حجمًا وأكثر حلاوة وعصيرية من التوت الأبيض. تعيش شجرة التوت الأسود فترة طويلة قد تصل إلى 100-300 سنة. تزرع للظل وإنتاج الفاكهة اللذيذة التي تؤكل طازجة أو تستخدم في صناعة المربى والعصائر والنبيذ والمخبوزات. ثمار التوت الأسود غنية بفيتامين C والحديد ومضادات الأكسدة. في الطب التقليدي، استخدمت لخصائصها المقوية للمناعة والمهدئة. صبغة ثمار التوت الأسود القوية استخدمت قديمًا في الصباغة وكمادة تلوين طبيعية للأطعمة.",
    "image": "plants/Morus_nigra.jpg",
    "seed_shape_arabic": "مغطاة البذور",
    "seed_shape_english": "",
    "cotyledon_type": "DI",
    "flower_type": "BOTH"
  }
},
{
  "model": "api.plant",
  "pk": 15,
  "fields": {
    "name_arabic": "التين",
    "name_english": "",
    "name_scientific": "Ficus",
    "family": 12,
    "classification": "اقتصادي",
    "description": "جنس نباتي كبير من الفصيلة التوتية يضم أكثر من 850 نوعًا من الأشجار والشجيرات والنباتات المتسلقة، أشهرها التين المأكول (Ficus carica). معظم أنواع التين دائمة الخضرة باستثناء بعض الأنواع مثل التين المأكول الذي يتساقط في الشتاء. تتميز بعصارة لبنية تخرج عند قطع أي جزء منها. أوراقها بسيطة أو مفصصة كبيرة الحجم نسبيًا. \"ثمار\" التين ليست ثمارًا حقيقية بل هي تراكيب نباتية خاصة تسمى الاستجابة تحتوي بداخلها على الأزهار والبذور. يُزرع التين المأكول منذ آلاف السنين في حوض البحر المتوسط وآسيا، وثماره حلوة المذاق غنية بالألياف والمعادن. تؤكل طازجة أو مجففة أو معلبة. أنواع أخرى من التين مثل التين المطاطي (F. elastica) والتين الباكي (F. benjamina) تزرع كنباتات زينة داخلية وخارجية. لدى العديد من شعوب العالم، يُعتبر التين رمزًا للخصوبة والمعرفة، وقد ذُكر في النصوص الدينية المختلفة.",
    "image": "plants/Ficus_bIEDtcH.jpg",
    "seed_shape_arabic": "مغطاة البذور",
    "seed_shape_english": "",
    "cotyledon_type": "DI",
    "flower_type": "BOTH"
  }
},
{
  "model": "api.plant",
  "pk": 16,
  "fields": {
    "name_arabic": "الفجل",
    "name_english": "",
    "name_scientific": "Raphanus sativus",
    "family": 13,
    "classification": "اقتصادي",
    "description": "نبات جذري من الفصيلة الصليبية، ربما يكون أصله من جنوب شرق آسيا. يُزرع في معظم أنحاء العالم كمحصول سريع النمو. يأتي الفجل بأشكال وأحجام وألوان متنوعة: الأبيض والأحمر والأسود والوردي والأخضر، وقد يكون كرويًا أو أسطوانيًا أو مغزليًا. أوراقه خشنة الملمس مقسمة إلى فصوص وأزهاره صغيرة بيضاء أو وردية تتحول إلى قرون تحتوي على البذور. الجزء المؤكل من الفجل هو الجذر المتضخم الذي يتميز بطعمه اللاذع الناتج عن مركبات الكبريت والجلوكوزينولات. يؤكل الفجل عادة نيئًا في السلطات أو كمقبلات، ويمكن أيضًا طبخه أو تخليله. يعتبر الفجل غنيًا بفيتامين C والألياف ومضادات الأكسدة، وله خصائص مضادة للالتهابات ومطهرة في الطب التقليدي. في بعض الثقافات الآسيوية، يُستخدم الفجل الأبيض الكبير (دايكون) في أطباق مختلفة ويعتبر عنصرًا أساسيًا في المطبخ الكوري والياباني.",
    "image": "plants/Raphanus_sativus.jpg",
    "seed_shape_arabic": "مغطاة البذور",
    "seed_shape_english": "",
    "cotyledon_type": "DI",
    "flower_type": "HERMAPHRODITE"
  }
},
{
  "model": "api.plant",
  "pk": 17,
  "fields": {
    "name_arabic": "الخيار",
    "name_english": "",
    "name_scientific": "Cucumis sativus",
    "family": 14,
    "classification": "اقتصادي",
    "description": "نبات متسلق سنوي من الفصيلة القرعية، يُعتقد أن موطنه الأصلي الهند حيث زُرع منذ أكثر من 3000 عام. ينمو على شكل نبات زاحف أو متسلق بمساعدة المحاليق، يصل طوله إلى 2-3 أمتار. أوراقه كبيرة خماسية الفصوص خشنة الملمس وأزهاره صفراء صغيرة. يُنتج ثمارًا خضراء أسطوانية تختلف في الحجم والشكل حسب الصنف. الخيار من أكثر الخضروات احتواءً على الماء (حوالي 95%)، وله طعم منعش وقرمشة مميزة. يُؤكل الخيار غالبًا نيئًا في السلطات والسندويشات، أو يُخلل بأشكال مختلفة، ويعتبر عنصرًا أساسيًا في العديد من المطابخ العالمية. يحتوي على فيتامينات K وB ومضادات أكسدة وله تأثير مرطب وملطف للجلد، لذا يستخدم في مستحضرات التجميل. يزرع الخيار في الحقول المفتوحة أو البيوت المحمية، وهناك أصناف خاصة للتخليل وأخرى للاستهلاك الطازج.",
    "image": "plants/Cucumis_sativus.jpg",
    "seed_shape_arabic": "مغطاة البذور",
    "seed_shape_english": "",
    "cotyledon_type": "DI",
    "flower_type": "BOTH"
  }
},
{
  "model": "api.plant",
  "pk": 18,
  "fields": {
    "name_arabic": "البطيخ",
    "name_english": "",
    "name_scientific": "Cucumis melo",
    "family": 14,
    "classification": "اقتصادي",
    "description": "نبات قرعي زاحف سنوي من الفصيلة القرعية، موطنه الأصلي غير مؤكد لكن يُعتقد أنه إفريقيا أو غرب آسيا. يتميز بسيقانه المغطاة بشعيرات وأوراقه الكبيرة المستديرة أو مفصصة قليلًا وأزهاره الصفراء. يُنتج ثمارًا كروية أو بيضاوية متنوعة الأحجام والأشكال والألوان. يضم البطيخ مجموعات متنوعة مثل الشمام (الأصفر ذو القشرة الشبكية والرائحة المميزة) والكنتالوب (ذو اللب البرتقالي) والكاساباس (ذو القشرة الملساء) وبطيخ العسل (ذو اللب الأخضر الفاتح). جميعها تتميز بلب حلو عطري، وبذور في تجويف مركزي. البطيخ غني بالماء وفيتامينات A وC والبوتاسيوم. يُؤكل طازجًا كفاكهة منعشة خاصة في فصل الصيف، ويستخدم في السلطات والعصائر والحلويات. تُعد زراعة البطيخ مهمة اقتصاديًا في العديد من البلدان وخاصة حوض البحر المتوسط وآسيا الوسطى وأمريكا.",
    "image": "plants/Cucumis_melo.jpg",
    "seed_shape_arabic": "مغطاة البذور",
    "seed_shape_english": "",
    "cotyledon_type": "DI",
    "flower_type": "BOTH"
  }
},
{
  "model": "api.plant",
  "pk": 19,
  "fields": {
    "name_arabic": "الرقي",
    "name_english": "",
    "name_scientific": "Citrullus lanatus",
    "family": 14,
    "classification": "اقتصادي",
    "description": "البطيخ الأحمر، نبات قرعي زاحف سنوي من الفصيلة القرعية، موطنه الأصلي صحراء كالاهاري في جنوب إفريقيا. يتميز بسيقانه المنبطحة التي قد تصل إلى 3 أمتار وأوراقه الكبيرة المقسمة إلى فصوص وأزهاره الصفراء. يُنتج ثمارًا كبيرة كروية أو بيضاوية ذات قشرة خضراء صلبة قد تكون ذات خطوط أو نقوش. اللب أحمر (أو أصفر في بعض الأصناف) حلو المذاق وعصيري جدًا ويحتوي على بذور سوداء أو بنية أو بيضاء حسب الصنف. الرقي من أكثر الفواكه احتواءً على الماء (92%) ويعتبر مصدرًا جيدًا لفيتامين C وليكوبين (مضاد أكسدة قوي). يُؤكل الرقي طازجًا كفاكهة صيفية منعشة، ويستخدم في العصائر والسلطات، كما تُحمص بذوره وتؤكل في بعض الثقافات. تُعد زراعة الرقي مهمة اقتصاديًا في العديد من البلدان مثل الصين والبرازيل وتركيا ومصر، ويرتبط استهلاكه بالاحتفالات الصيفية في عدة ثقافات.",
    "image": "plants/Citrullus_lanatus.jpg",
    "seed_shape_arabic": "مغطاة البذور",
    "seed_shape_english": "",
    "cotyledon_type": "DI",
    "flower_type": "BOTH"
  }
},
{
  "model": "api.plant",
  "pk": 20,
  "fields": {
    "name_arabic": "البطاطا",
    "name_english": "",
    "name_scientific": "Solanum tuberosum",
    "family": 15,
    "classification": "اقتصادي",
    "description": "محصول درني من الفصيلة الباذنجانية، موطنها الأصلي جبال الأنديز في أمريكا الجنوبية حيث زرعها شعب الإنكا منذ آلاف السنين. نبات عشبي سنوي يصل ارتفاعه إلى 60-100 سم، ينتج سيقانًا تحت أرضية متحورة (ريزومات) تتضخم أطرافها مكونة الدرنات. أوراقها مركبة ريشية داكنة خضراء وأزهارها بيضاء أو أرجوانية تشبه أزهار الطماطم. تختلف درنات البطاطا في الحجم والشكل واللون حسب الصنف، فقد تكون بيضاء أو صفراء أو حمراء أو بنفسجية. تُعد البطاطا ثالث أهم محصول غذائي عالميًا بعد القمح والأرز، وهي غنية بالكربوهيدرات والبوتاسيوم وفيتامين C. يجب طهي البطاطا قبل تناولها لتحطيم المواد السامة مثل السولانين. تستخدم في أطباق متنوعة مثل البطاطا المقلية والمهروسة والمخبوزة، وتدخل في صناعة النشا والكحول وعلف الحيوانات.",
    "image": "plants/Solanum_tuberosum.jpg",
    "seed_shape_arabic": "مغطاة البذور",
    "seed_shape_english": "",
    "cotyledon_type": "DI",
    "flower_type": "HERMAPHRODITE"
  }
},
{
  "model": "api.plant",
  "pk": 21,
  "fields": {
    "name_arabic": "الدغل",
    "name_english": "",
    "name_scientific": "Chenopodium",
    "family": 16,
    "classification": "بري",
    "description": "جنس نباتي يضم حوالي 150 نوعًا من الأعشاب السنوية والمعمرة من الفصيلة القطيفية، تنتشر في مختلف أنحاء العالم. تتميز نباتات الدغل بأوراقها البديلة البسيطة التي غالبًا ما تكون مغطاة بطبقة دقيقية بيضاء أو فضية، وأزهارها الصغيرة الخضراء أو الصفراء التي تتجمع في نورات عنقودية. بعض أنواع الدغل تعتبر أعشابًا ضارة مثل زربيح الحقول (C. album)، بينما أنواع أخرى تزرع كمحاصيل غذائية مثل الكينوا (C. quinoa) الغنية بالبروتين والتي اعتبرت \"الحبوب الذهبية\" عند شعب الإنكا. في المناطق العربية، يُستخدم بعض أنواع الدغل كالقطف والزربيح في الطبخ التقليدي كخضار ورقية، وفي الطب الشعبي لخصائصها المضادة للالتهابات والديدان. تتميز نباتات الدغل بقدرتها على التكيف مع مختلف الظروف البيئية ومقاومتها للجفاف والملوحة.",
    "image": "plants/Chenopodium_brzFvb6.jpg",
    "seed_shape_arabic": "مغطاة البذور",
    "seed_shape_english": "",
    "cotyledon_type": "DI",
    "flower_type": "HERMAPHRODITE"
  }
},
{
  "model": "api.plant",
  "pk": 22,
  "fields": {
    "name_arabic": "القتاد الموصلي",
    "name_english": "",
    "name_scientific": "Astragalus mossulensis",
    "family": 7,
    "classification": "طبي",
    "description": "نوع من النباتات الشوكية المعمرة من جنس القتاد الذي يضم أكثر من 3000 نوع من النباتات البقولية. ينمو القتاد الموصلي في منطقة الشرق الأوسط خاصة العراق وسوريا. نبات شجيري قصير يصل ارتفاعه إلى 50-60 سم، يتميز بأشواكه القوية وأوراقه المركبة ريشية وأزهاره الصفراء أو البيضاء الفراشية التي تتحول إلى قرون منتفخة تحتوي على البذور. يتحمل القتاد الموصلي الظروف البيئية القاسية من جفاف وحرارة مرتفعة وتربة فقيرة، ويلعب دورًا مهمًا في النظام البيئي الصحراوي من خلال تثبيت التربة ومنع الانجراف. يحتوي على صمغ الكثيراء (التراجاكانث) الذي يستخرج من جذوره وسيقانه، ويستخدم في الصناعات الغذائية كمثبت ومستحلب وفي صناعة الأدوية والمستحضرات التجميلية. في الطب التقليدي، يستخدم لعلاج السعال والتهاب المفاصل وتقوية المناعة، كما يستخدم كعلف للإبل والماعز في المناطق الصحراوية.",
    "image": "plants/Astragalus_mossulensis.jpg",
    "seed_shape_arabic": "مغطاة البذور",
    "seed_shape_english": "",
    "cotyledon_type": "DI",
    "flower_type": "HERMAPHRODITE"
  }
},
{
  "model": "api.plant",
  "pk": 23,
  "fields": {
    "name_arabic": "الشويعرة",
    "name_english": "",
    "name_scientific": "Bromus",
    "family": 6,
    "classification": "اقتصادي",
    "description": "جنس من الأعشاب الحولية والمعمرة من فصيلة النجيليات، يضم حوالي 150 نوعًا تنتشر في المناطق المعتدلة من العالم. تتميز نباتات الشويعرة بارتفاع يتراوح بين 30-120 سم وسيقان قائمة وأوراق خطية مسطحة. النورات عبارة عن سنابل مركبة متفرعة، وتحمل سنيبلات متطاولة ذات قنابع مسفاة (بشوكة) في معظم الأنواع. بعض أنواع الشويعرة تُعد نباتات علفية جيدة مثل شويعرة المروج (B. inermis)، بينما أنواع أخرى تُعتبر أعشابًا ضارة تتنافس مع المحاصيل الزراعية مثل الشويعرة السقيلة (B. tectorum) التي تغزو الأراضي الزراعية وتسبب خسائر اقتصادية في عدة مناطق. تلعب بعض أنواع الشويعرة دورًا مهمًا في استصلاح الأراضي المتدهورة ومكافحة التعرية نظرًا لنظامها الجذري المتشعب وقدرتها على التكاثر السريع. في بعض المناطق العربية، تستخدم بذور بعض أنواع الشويعرة كغذاء في أوقات الشح، وتظهر النباتات في فصل الربيع في المراعي الطبيعية لتوفر علفًا للحيوانات.",
    "image": "plants/Bromus_8kIB72v.jpg",
    "seed_shape_arabic": "مغطاة البذور",
    "seed_shape_english": "",
    "cotyledon_type": "MONO",
    "flower_type": "HERMAPHRODITE"
  }
},
{
  "model": "api.plant",
  "pk": 24,
  "fields": {
    "name_arabic": "الرمث",
    "name_english": "",
    "name_scientific": "Haloxylon",
    "family": 9,
    "classification": "بري",
    "description": "جنس من الشجيرات الصحراوية المعمرة من الفصيلة القطيفية، يضم حوالي 10 أنواع أشهرها الغضا (H. persicum) والرمث (H. salicornicum). تنتشر في المناطق القاحلة وشبه القاحلة من وسط وغرب آسيا وشمال أفريقيا. تتميز شجيرات الرمث بارتفاع يتراوح بين 1-4 أمتار، ولها سيقان خشبية متفرعة بشكل كثيف وأوراق متحورة إلى حراشف صغيرة تشبه القشور للتكيف مع البيئة الجافة، مما يجعل الفروع الخضراء تقوم بعملية التمثيل الضوئي. تتحمل شجيرات الرمث الجفاف الشديد والحرارة المرتفعة والملوحة العالية، وتمتلك نظام جذري عميق يصل إلى 10 أمتار للوصول إلى المياه الجوفية. تلعب دورًا بيئيًا مهمًا في تثبيت الكثبان الرملية ومكافحة التصحر وتحسين خصائص التربة. تستخدم كوقود في المناطق الصحراوية، وكعلف للإبل والماعز خاصة في فصل الصيف عندما تندر النباتات الأخرى. في الطب التقليدي، يستخدم الرمث لعلاج الديدان المعوية والملاريا والتهابات الجلد.",
    "image": "plants/Haloxylon_NgxyGTJ.JPG",
    "seed_shape_arabic": "مغطاة البذور",
    "seed_shape_english": "",
    "cotyledon_type": "DI",
    "flower_type": "HERMAPHRODITE"
  }
},
{
  "model": "api.plant",
  "pk": 25,
  "fields": {
    "name_arabic": "البرتقال",
    "name_english": "",
    "name_scientific": "Citrus Aurantium",
    "family": 4,
    "classification": "اقتصادي",
    "description": "شجرة مستديمة الخضرة من الفصيلة السذابية، موطنها الأصلي جنوب شرق آسيا، وانتشرت زراعتها في المناطق شبه الاستوائية. يصل ارتفاعها إلى 10 أمتار ولها تاج كروي كثيف. أوراقها بيضاوية لامعة عطرية، وأزهارها بيضاء عطرية (زهر البرتقال) تتحول إلى ثمار كروية ذات قشرة برتقالية ولب عصيري مقسم إلى فصوص. تضم مجموعة البرتقال عدة أصناف منها البرتقال الحلو (C. sinensis) والبرتقال المر (C. aurantium) والإشبيلية (السفيل) الذي يستخدم لتطعيم أشجار الحمضيات. البرتقال غني بفيتامين C والألياف ومضادات الأكسدة، ويستهلك طازجًا أو كعصير. يستخرج من قشور البرتقال زيت عطري يدخل في صناعة العطور ومستحضرات التجميل والمنظفات. البرتقال المر يستخدم في صناعة المربى وبعض أنواع الليكير. لزهر البرتقال أهمية في صناعة ماء الزهر الذي يستخدم في الحلويات والعطور. تعتبر زراعة البرتقال من الزراعات الاقتصادية المهمة في دول حوض البحر المتوسط وأمريكا والصين.",
    "image": "plants/Citrus_aurantium.jpg",
    "seed_shape_arabic": "مغطاة البذور",
    "seed_shape_english": "",
    "cotyledon_type": "DI",
    "flower_type": "HERMAPHRODITE"
  }
},
{
  "model": "api.plant",
  "pk": 26,
  "fields": {
    "name_arabic": "الشوك",
    "name_english": "",
    "name_scientific": "Prosopis farcta",
    "family": 7,
    "classification": "بري",
    "description": "شجيرة شوكية معمرة من الفصيلة البقولية، تنتشر في المناطق الجافة وشبه الجافة من غرب آسيا وشمال أفريقيا. يصل ارتفاعها إلى 1-2 متر، ولها سيقان متفرعة مغطاة بأشواك قوية وأوراق مركبة مزدوجة الريشية. أزهارها صفراء صغيرة تتجمع في نورات اسطوانية، وتتحول إلى قرون سميكة بنية اللون تحتوي على بذور صلبة. تتميز بقدرتها الاستثنائية على التكيف مع الظروف البيئية القاسية من جفاف وحرارة مرتفعة وتربة فقيرة ومالحة، وذلك بفضل جذورها العميقة التي قد تصل إلى 20 مترًا. تعتبر الشوك من النباتات المثبتة للنيتروجين في التربة من خلال تعايشها مع بكتيريا الريزوبيوم، مما يحسن خصوبة التربة. قرون الشوك غنية بالبروتين والسكريات وتستخدم كعلف للحيوانات خاصة الإبل والماعز. في الطب التقليدي، تستخدم أجزاء مختلفة من النبات لعلاج أمراض الجهاز الهضمي والربو والروماتيزم. رغم فوائدها البيئية، تعتبر في بعض المناطق نباتًا غازيًا يصعب السيطرة عليه ويؤثر سلبًا على المحاصيل الزراعية.",
    "image": "plants/Prosopis_farcta.JPG",
    "seed_shape_arabic": "مغطاة البذور",
    "seed_shape_english": "",
    "cotyledon_type": "DI",
    "flower_type": "HERMAPHRODITE"
  }
},
{
  "model": "api.plant",
  "pk": 27,
  "fields": {
    "name_arabic": "العاقول",
    "name_english": "",
    "name_scientific": "Phragmitis australis",
    "family": 6,
    "classification": "بري",
    "description": "شجيرة شوكية معمرة من الفصيلة البقولية، تنتشر في المناطق الجافة من حوض البحر المتوسط وغرب آسيا. يصل ارتفاعها إلى 30-80 سم، ولها سيقان متخشبة متفرعة تحمل أشواكًا حادة وأوراق بسيطة صغيرة بيضاوية متبادلة. أزهارها وردية أو أرجوانية فراشية تتحول إلى قرون صغيرة مقوسة تحتوي على البذور. تتميز شجيرة العاقول بمقاومتها للظروف البيئية القاسية وقدرتها على النمو في الأراضي الرملية والمالحة والصحراوية، ويعود ذلك إلى نظامها الجذري العميق الذي يمكنها من الوصول إلى المياه الجوفية. تنتج شجيرة العاقول مادة حلوة تشبه المن (ترنجبين) تفرزها تحت تأثير حشرات معينة، وتستخدم هذه المادة في الحلويات وكملين خفيف في الطب التقليدي. في الطب الشعبي، يستخدم مغلي جذور وأوراق العاقول كمدر للبول ومضاد للالتهابات ولعلاج أمراض الكلى والمثانة. رغم فوائدها المتعددة، يعتبر العاقول في بعض المناطق عشبًا ضارًا يصعب اقتلاعه من الأراضي الزراعية نظرًا لقدرته على إعادة النمو من أجزاء الجذور المتبقية في التربة.",
    "image": "plants/Phragmites_australis.jpg",
    "seed_shape_arabic": "مغطاة البذور",
    "seed_shape_english": "",
    "cotyledon_type": "MONO",
    "flower_type": "HERMAPHRODITE"
  }
},
{
  "model": "api.plant",
  "pk": 28,
  "fields": {
    "name_arabic": "القصب",
    "name_english": "",
    "name_scientific": "Alhagi graecorum",
    "family": 6,
    "classification": "اقتصادي",
    "description": "نبات مائي طويل من الفصيلة النجيلية، ينتشر في المناطق الرطبة على مستوى العالم ويعتبر من أوسع النباتات انتشارًا. يصل ارتفاعه إلى 2-6 أمتار، وله سيقان مجوفة قوية وأوراق طويلة عريضة شريطية يتراوح عرضها بين 2-5 سم. ينتج نورات كبيرة ريشية بنية أو أرجوانية اللون تتحول إلى فضية عند النضج. ينمو القصب في مستعمرات كثيفة على ضفاف الأنهار والبحيرات والمستنقعات والأراضي الرطبة حيث ينتشر بسرعة عن طريق الريزومات (السيقان الأرضية). يلعب القصب دورًا بيئيًا مهمًا في تنقية المياه من الملوثات والعناصر الثقيلة، وتوفير موائل للطيور والحيوانات المائية، وحماية ضفاف الأنهار من التآكل. يستخدم القصب تقليديًا في صناعة الحصر والسلال وسقوف المنازل الريفية وأدوات الصيد وبعض الآلات الموسيقية الشعبية. كما يستخدم حديثًا في معالجة مياه الصرف الصحي من خلال أنظمة الأراضي الرطبة المشيدة، وكمصدر للكتلة الحيوية لإنتاج الوقود الحيوي والورق.",
    "image": "plants/Alhagi_graecorum.jpg",
    "seed_shape_arabic": "مغطاة البذور",
    "seed_shape_english": "",
    "cotyledon_type": "MONO",
    "flower_type": "HERMAPHRODITE"
  }
},
{
  "model": "api.plant",
  "pk": 29,
  "fields": {
    "name_arabic": "البطنج",
    "name_english": "",
    "name_scientific": "Stachys",
    "family": 17,
    "classification": "اقتصادي",
    "description": "جنس نباتي من الفصيلة الشفوية يضم حوالي 300 نوع من الأعشاب والشجيرات الصغيرة المنتشرة في المناطق المعتدلة من أوروبا وآسيا وأمريكا. يتراوح ارتفاع نباتات البطنج بين 10-100 سم حسب النوع، وتتميز بسيقانها المربعة المقطع وأوراقها المتقابلة البيضاوية أو القلبية ذات الحواف المسننة والمغطاة غالبًا بزغب. أزهارها أنبوبية ثنائية الشفة تتجمع في دوارات حول الساق وتأتي بألوان مختلفة كالأبيض والوردي والأرجواني. من أشهر أنواعه البطنج الصوفي (S. byzantina) المعروف بأوراقه الفضية المخملية الملمس والذي يزرع للزينة. يستخدم البطنج في الطب التقليدي كمضاد للالتهابات ومهدئ ومطهر، حيث يحتوي على زيوت طيارة ومركبات فلافونويدية. في بعض الثقافات، يستخدم شاي البطنج لعلاج نزلات البرد والسعال واضطرابات الجهاز الهضمي. بعض أنواع البطنج مثل S. affinis تنتج درنات صالحة للأكل تعرف باسم \"كستناء الأرض الصينية\"، وتستخدم في المطبخ الآسيوي لنكهتها المميزة ومحتواها من الألياف القابلة للذوبان.",
    "image": "plants/Stachys_rcNIQZL.jpg",
    "seed_shape_arabic": "مغطاة البذور",
    "seed_shape_english": "",
    "cotyledon_type": "DI",
    "flower_type": "HERMAPHRODITE"
  }
},
{
  "model": "api.plant",
  "pk": 30,
  "fields": {
    "name_arabic": "النخيل",
    "name_english": "",
    "name_scientific": "Phoenix",
    "family": 18,
    "classification": "اقتصادي",
    "description": "جنس من الأشجار الاستوائية وشبه الاستوائية من الفصيلة النخيلية، يضم حوالي 14 نوعًا أشهرها نخيل التمر (P. dactylifera). ينمو النخيل على هيئة شجرة وحيدة الفلقة ذات ساق (جذع) أسطواني غير متفرع يعرف بالجذع، يصل ارتفاعها إلى 30 مترًا في بعض الأنواع. تتوج الشجرة مجموعة من الأوراق الريشية الكبيرة (السعف) التي قد يصل طولها إلى 3-6 أمتار. النخيل نبات ثنائي المسكن حيث توجد أشجار ذكرية وأخرى أنثوية. الثمار (البلح أو التمر) عنبية تحتوي على بذرة واحدة صلبة. يعتبر نخيل التمر من أقدم الأشجار المزروعة في العالم حيث بدأت زراعته قبل أكثر من 5000 عام في بلاد ما بين النهرين. للنخيل أهمية اقتصادية كبيرة خاصة في المناطق الصحراوية، فهو يوفر الغذاء (التمور) الغني بالسكريات والمعادن والألياف، والظل، ومواد البناء، والألياف المستخدمة في صناعة الحبال والسلال. ترتبط شجرة النخيل بالعديد من الثقافات والتقاليد في الشرق الأوسط وشمال أفريقيا حيث تعتبر رمزًا للحياة والكرم.",
    "image": "plants/Phoenix_TfnCV23.JPG",
    "seed_shape_arabic": "مغطاة البذور",
    "seed_shape_english": "",
    "cotyledon_type": "MONO",
    "flower_type": "BOTH"
  }
},
{
  "model": "api.plant",
  "pk": 31,
  "fields": {
    "name_arabic": "الحنطة",
    "name_english": "",
    "name_scientific": "Triticum",
    "family": 6,
    "classification": "اقتصادي",
    "description": "جنس من النباتات النجيلية السنوية يضم عدة أنواع من القمح، أشهرها القمح اللين (T. aestivum) والقمح الصلب (T. durum). يعتبر القمح من أقدم المحاصيل التي زرعها الإنسان حيث بدأت زراعته قبل حوالي 10,000 عام في منطقة الهلال الخصيب. نبات القمح عشبي يصل ارتفاعه إلى 1-1.5 متر، وله سيقان مجوفة تحمل أوراقًا شريطية وسنابل في نهايتها. تحتوي السنابل على حبوب (بذور) مغلفة بقشور في بعض الأنواع (القمح المغلف) أو عارية في أنواع أخرى (القمح العاري). يُعد القمح أهم محصول حبوب في العالم من حيث المساحة المزروعة والإنتاج، ويشكل مصدرًا رئيسيًا للغذاء لأكثر من ثلث سكان العالم. حبوب القمح غنية بالنشا والبروتين (الغلوتين) والألياف والمعادن. يستخدم القمح بشكل أساسي في صناعة الخبز والمعجنات والمعكرونة، كما يستخدم في صناعة الكحول والنشا والعلف الحيواني. لعبت الحنطة دورًا محوريًا في تطور الحضارات البشرية واستقرار المجتمعات، ولا تزال تشكل أساس الأمن الغذائي العالمي.",
    "image": "plants/Triticum_9S2JHEt.jpg",
    "seed_shape_arabic": "مغطاة البذور",
    "seed_shape_english": "",
    "cotyledon_type": "MONO",
    "flower_type": "HERMAPHRODITE"
  }
},
{
  "model": "api.plant",
  "pk": 32,
  "fields": {
    "name_arabic": "الشعير",
    "name_english": "",
    "name_scientific": "Barley",
    "family": 6,
    "classification": "اقتصادي",
    "description": "محصول حبوب سنوي من الفصيلة النجيلية، يُعرف علميًا باسم Hordeum vulgare. يعتبر من أقدم المحاصيل المزروعة في العالم، حيث بدأت زراعته قبل حوالي 10,000 عام في غرب آسيا. نبات الشعير عشبي يصل ارتفاعه إلى 60-120 سم، وله سيقان مجوفة تحمل أوراقًا شريطية وسنابل في نهايتها. تختلف سنابل الشعير عن القمح بوجود سفا (شوك) طويل، وتحتوي على صفوف من الحبوب قد تكون ثنائية أو سداسية الصفوف حسب الصنف. يتميز الشعير بقدرته على تحمل الظروف البيئية القاسية من جفاف وحرارة وبرودة وملوحة أكثر من أي محصول حبوب آخر، لذا يزرع في مناطق لا تصلح لزراعة القمح. حبوب الشعير غنية بالألياف القابلة للذوبان (بيتا جلوكان) والبروتين والأحماض الأمينية والمعادن. يستخدم الشعير في صناعة الخبز خاصة في المناطق الجبلية، وفي تخمير البيرة حيث يعتبر المكون الرئيسي لها، كما يستخدم كعلف للحيوانات وفي إنتاج الشعيرية (التي تختلف عن المعكرونة). في الطب التقليدي، يستخدم ماء الشعير لعلاج اضطرابات الجهاز الهضمي والكلى.",
    "image": "plants/Barley_nFrW3sO.jpg",
    "seed_shape_arabic": "مغطاة البذور",
    "seed_shape_english": "",
    "cotyledon_type": "MONO",
    "flower_type": "HERMAPHRODITE"
  }
},
{
  "model": "api.plant",
  "pk": 33,
  "fields": {
    "name_arabic": "الخروع",
    "name_english": "",
    "name_scientific": "Ricinus communis",
    "family": 19,
    "classification": "طبي",
    "description": "شجيرة معمرة تُزرع غالبًا كنبات سنوي من الفصيلة السوسبية، موطنها الأصلي شرق أفريقيا ولكنها انتشرت في المناطق الاستوائية وشبه الاستوائية حول العالم. يصل ارتفاعها في المناطق الدافئة إلى 12 مترًا ولكنها تُزرع سنويًا في المناطق المعتدلة فيصل ارتفاعها إلى 2-3 أمتار. تتميز بأوراقها الكبيرة الراحية المفصصة ذات الحواف المسننة التي يصل قطرها إلى 50 سم، وسيقانها المتفرعة الحمراء أو الخضراء المغطاة بطبقة شمعية. أزهارها صغيرة عديمة البتلات تتجمع في نورات انتهائية، والثمار عبارة عن كبسولات شائكة تحتوي على بذور مرقطة لامعة تشبه القراد (ومن هنا جاءت تسميتها العلمية). بذور الخروع سامة جدًا لاحتوائها على مادة الريسين، لكنها تنتج زيتًا غير سام بعد استخلاصه بالطرق المناسبة. يُستخدم زيت الخروع في العديد من الصناعات مثل الدهانات والورنيش والبلاستيك والمطاط الصناعي ومواد التشحيم عالية الجودة. كما يستخدم في المستحضرات الصيدلانية والتجميلية كملين ومرطب للبشرة والشعر. يُزرع الخروع أيضًا كنبات زينة في الحدائق لأوراقه الكبيرة المميزة.",
    "image": "plants/Ricinus_communis.jpg",
    "seed_shape_arabic": "مغطاة البذور",
    "seed_shape_english": "",
    "cotyledon_type": "DI",
    "flower_type": "BOTH"
  }
},
{
  "model": "api.plant",
  "pk": 34,
  "fields": {
    "name_arabic": "السوسن",
    "name_english": "",
    "name_scientific": "Iris",
    "family": 20,
    "classification": "طبي",
    "description": "جنس من النباتات المزهرة المعمرة من الفصيلة السوسنية، يضم أكثر من 300 نوع تنتشر بشكل طبيعي في المناطق المعتدلة من نصف الكرة الشمالي. تنمو نباتات السوسن من ريزومات (سيقان أرضية) أو بصيلات حسب النوع. تتميز بأوراقها المسطحة السيفية أو الخطية التي تنمو في صفين متقابلين. أزهارها كبيرة ومعقدة التركيب ذات ستة أقسام: ثلاثة خارجية (المعايير) غالبًا ما تكون منحنية للأسفل وثلاثة داخلية (الرايات) منتصبة. تأتي الأزهار بألوان متنوعة ومبهرة تشمل الأزرق والبنفسجي والأصفر والأبيض وتوليفات منها، وغالبًا ما تكون مزينة بعلامات وخطوط ملونة. من أشهر أنواعه السوسن الألماني (I. germanica) والسوسن القزحي (I. xiphium). يُزرع السوسن في الحدائق منذ آلاف السنين لجمال أزهاره، ويستخدم في تنسيق الحدائق المائية وأحواض الزهور والحدائق الصخرية. يستخرج من جذور بعض أنواع السوسن زيت عطري يدخل في صناعة العطور الفاخرة. في الطب التقليدي، استخدمت جذور السوسن لعلاج اضطرابات الجهاز التنفسي والهضمي. يرمز السوسن في العديد من الثقافات إلى الحكمة والشجاعة والإيمان، وهو الزهرة الوطنية لفرنسا (زنبق الفلور دو ليس). تتطلب زراعة السوسن موقعًا مشمسًا وتربة جيدة الصرف، ويتكاثر بتقسيم الريزومات أو زراعة البذور حسب النوع.",
    "image": "plants/Iris_ZxuAcWI.jpg",
    "seed_shape_arabic": "مغطاة البذور",
    "seed_shape_english": "",
    "cotyledon_type": "MONO",
    "flower_type": "HERMAPHRODITE"
  }
},
{
  "model": "api.plant",
  "pk": 35,
  "fields": {
    "name_arabic": "الذرة الصفراء",
    "name_english": "",
    "name_scientific": "Zea mays",
    "family": 6,
    "classification": "اقتصادي",
    "description": "محصول حبوب سنوي من الفصيلة النجيلية، موطنه الأصلي المكسيك حيث زرعه شعب المايا والأزتيك منذ أكثر من 10,000 عام. نبات قوي يصل ارتفاعه إلى 2-3 أمتار، وله ساق سميكة مليئة بالنخاع وأوراق عريضة طويلة متبادلة. تتميز الذرة بكونها أحادية المسكن حيث تحمل النورات الذكرية (النورة القمية أو الطاسل) على قمة النبات، بينما تتكون النورات الأنثوية (الكيزان) في آباط الأوراق الوسطى. الكوز عبارة عن محور سميك تنمو عليه الحبوب بصفوف منتظمة ويغلفه عدة أوراق. تختلف حبوب الذرة في اللون والشكل والتركيب الكيميائي حسب الصنف، فقد تكون صفراء أو بيضاء أو حمراء أو زرقاء أو سوداء أو متعددة الألوان. تعتبر الذرة ثالث أهم محصول غذائي عالميًا بعد القمح والأرز، وهي غنية بالكربوهيدرات والألياف وفيتامين B والمعادن. تستخدم الذرة في غذاء الإنسان بأشكال متعددة كالذرة المسلوقة والمشوية والفشار والدقيق، كما تستخدم في إنتاج الزيوت والنشا والسكريات (شراب الذرة عالي الفركتوز) والوقود الحيوي (الإيثانول) وعلف الحيوانات. أدخلت زراعة الذرة إلى أوروبا وآسيا وأفريقيا بعد اكتشاف الأمريكتين، وأصبحت محصولاً أساسيًا في العديد من الثقافات والمطابخ العالمية.",
    "image": "plants/Zea_mays.jpg",
    "seed_shape_arabic": "مغطاة البذور",
    "seed_shape_english": "",
    "cotyledon_type": "MONO",
    "flower_type": "HERMAPHRODITE"
  }
},
{
  "model": "api.plant",
  "pk": 36,
  "fields": {
    "name_arabic": "البصل",
    "name_english": "",
    "name_scientific": "Allium cepa",
    "family": 21,
    "classification": "اقتصادي",
    "description": "نبات بصلي ثنائي الحول من الفصيلة الثومية، موطنه الأصلي على الأرجح آسيا الوسطى. يُزرع البصل عادة كمحصول سنوي للحصول على البصلة المتضخمة، التي تمثل قاعدة الأوراق المتحورة المتراكبة على بعضها. في السنة الأولى، ينتج النبات أوراقًا أنبوبية خضراء تخزن الغذاء في قواعدها مكونة البصلة، وفي السنة الثانية ينتج ساقًا زهريًا يصل ارتفاعه إلى 1-1.5 متر ينتهي بنورة كروية تحتوي على أزهار صغيرة بيضاء أو بنفسجية تتحول إلى بذور سوداء. تختلف أصناف البصل في الحجم والشكل واللون والطعم، فقد تكون البصلات كروية أو مفلطحة أو بيضاوية، وألوانها بيضاء أو صفراء أو حمراء أو أرجوانية. يعتبر البصل من أقدم الخضروات المزروعة في العالم، وهو مكون أساسي في المطابخ العالمية كتوابل وخضار. يحتوي البصل على مركبات كبريتية مسؤولة عن نكهته المميزة والتأثير المدمع عند تقطيعه، وفلافونويدات مضادة للأكسدة (خاصة الكيرسيتين في البصل الأحمر)، وفيتامينات ومعادن. للبصل فوائد صحية عديدة فهو يخفض ضغط الدم ومستوى الكولسترول ويقلل من تجلط الدم ويعزز المناعة. في الطب التقليدي، استخدم البصل لعلاج نزلات البرد والتهاب الحلق والدمامل.",
    "image": "plants/Allium_cepa.jpg",
    "seed_shape_arabic": "مغطاة البذور",
    "seed_shape_english": "",
    "cotyledon_type": "MONO",
    "flower_type": "HERMAPHRODITE"
  }
},
{
  "model": "api.plant",
  "pk": 37,
  "fields": {
    "name_arabic": "الطماطم",
    "name_english": "",
    "name_scientific": "Solanum lycopersicum",
    "family": 15,
    "classification": "اقتصادي",
    "description": "نبات عشبي معمر يُزرع كمحصول سنوي من الفصيلة الباذنجانية، موطنه الأصلي أمريكا الجنوبية (البيرو والإكوادور). تنمو نباتات الطماطم على هيئة شجيرات متفرعة يتراوح ارتفاعها بين 1-3 أمتار حسب الصنف، وتحتاج غالبًا إلى دعامات. أوراقها مركبة ريشية ذات رائحة مميزة، وأزهارها صفراء صغيرة تنمو في عناقيد وتتحول إلى ثمار عنبية كروية أو بيضاوية. تختلف ثمار الطماطم في الحجم والشكل واللون حسب الصنف، فقد تكون صغيرة كالكرز أو كبيرة قد يصل وزنها إلى أكثر من كيلوغرام، وقد تكون حمراء أو صفراء أو برتقالية أو وردية أو أرجوانية أو حتى سوداء. تعتبر الطماطم من أكثر الخضروات إنتاجًا واستهلاكًا في العالم، وتُستخدم طازجة في السلطات والسندويشات، أو مطبوخة في الصلصات والشوربات والمعجنات، أو مصنعة كمعجون ومربى وعصير وكاتشب. تحتوي الطماطم على نسبة عالية من مضاد الأكسدة ليكوبين المسؤول عن اللون الأحمر والذي يزداد تركيزه بالطهي، وفيتامينات A وC وK والبوتاسيوم والألياف. يرتبط استهلاك الطماطم المنتظم بتقليل خطر الإصابة بأمراض القلب وبعض أنواع السرطان. عند اكتشاف الأوروبيين للطماطم، اعتبروها نباتًا سامًا (كونها من الفصيلة الباذنجانية التي تضم نباتات سامة) ولم تُستخدم كغذاء إلا في القرن الثامن عشر.",
    "image": "plants/Solanum_lycopersicum.jpg",
    "seed_shape_arabic": "مغطاة البذور",
    "seed_shape_english": "",
    "cotyledon_type": "DI",
    "flower_type": "HERMAPHRODITE"
  }
},
{
  "model": "api.plant",
  "pk": 38,
  "fields": {
    "name_arabic": "الباذنجان",
    "name_english": "",
    "name_scientific": "Solanum melongena",
    "family": 15,
    "classification": "اقتصادي",
    "description": "نبات عشبي معمر يُزرع عادة كمحصول سنوي من الفصيلة الباذنجانية، موطنه الأصلي الهند وجنوب شرق آسيا. ينمو على هيئة شجيرة يتراوح ارتفاعها بين 60-120 سم، ولها سيقان متفرعة قوية قد تكون مغطاة بأشواك صغيرة في بعض الأصناف. أوراقها كبيرة بيضاوية أو قلبية الشكل ذات حواف متموجة، والجانب السفلي منها مغطى بزغب نجمي. أزهارها بنفسجية أو بيضاء نجمية الشكل تتحول إلى ثمار عنبية تختلف في الشكل واللون والحجم حسب الصنف. الشكل التقليدي للباذنجان أسطواني أو كمثري بنفسجي داكن لامع، لكن توجد أصناف كروية أو طويلة، وبألوان بيضاء أو خضراء أو مخططة. يُعتبر الباذنجان من الخضروات الشائعة في المطابخ المتوسطية والآسيوية والشرق أوسطية، ويحتاج إلى الطهي قبل تناوله. يمكن طهي الباذنجان بعدة طرق كالشوي والقلي والسلق والخبز، ويدخل في أطباق عالمية شهيرة مثل المسقعة والبابا غنوج والرتاتوي. يحتوي الباذنجان على نسبة عالية من الألياف ومضادات الأكسدة خاصة في قشرته، والبوتاسيوم والمنغنيز. قبل تدجينه، كان الباذنجان البري يحتوي على نسبة عالية من المواد المرة والقلويدات، لكن التربية الانتقائية قللت من هذه المواد في الأصناف الحديثة.",
    "image": "plants/Solanum_melongena.jpg",
    "seed_shape_arabic": "مغطاة البذور",
    "seed_shape_english": "",
    "cotyledon_type": "DI",
    "flower_type": "HERMAPHRODITE"
  }
},
{
  "model": "api.plant",
  "pk": 39,
  "fields": {
    "name_arabic": "الفلفل",
    "name_english": "",
    "name_scientific": "Capsicum",
    "family": 15,
    "classification": "اقتصادي",
    "description": "جنس نباتي من الفصيلة الباذنجانية يضم حوالي 20-27 نوعًا من النباتات العشبية المعمرة التي تزرع غالبًا كمحاصيل سنوية، موطنها الأصلي أمريكا الجنوبية والوسطى. تنمو نباتات الفلفل على هيئة شجيرات صغيرة يتراوح ارتفاعها بين 30-150 سم حسب النوع والصنف. أوراقها بيضاوية خضراء لامعة وأزهارها بيضاء أو أرجوانية نجمية الشكل تظهر في آباط الأوراق. تتحول الأزهار إلى ثمار عنبية مجوفة ذات أشكال وأحجام وألوان متنوعة جدًا حسب النوع والصنف، فقد تكون صغيرة كحبة العنب أو كبيرة كالتفاحة، وقد تكون مستديرة أو مخروطية أو أسطوانية أو مسطحة، وألوانها خضراء أو حمراء أو صفراء أو برتقالية أو بنفسجية أو سوداء. أشهر أنواع الفلفل هي الفلفل السنوي (C. annuum) الذي يضم معظم أصناف الفلفل الحلو والحار، والفلفل الصيني (C. chinense) الذي يضم أكثر أصناف الفلفل حرارة مثل هابانيرو، والفلفل الفرنجي (C. frutescens) الذي يضم فلفل تاباسكو. تعود حرارة الفلفل إلى مركب الكابسيسين الذي يتركز في الأغشية والبذور. يُستخدم الفلفل كخضار في الطبخ (الفلفل الحلو) أو كتوابل (الفلفل الحار)، وهو غني بفيتامين C وA ومضادات الأكسدة. من المنتجات المشتقة من الفلفل: مسحوق الفلفل الحار (الشطة)، والبابريكا، وصلصة الفلفل الحار، ورذاذ الفلفل المستخدم في الدفاع عن النفس.",
    "image": "plants/Capsicum_m3wfmI0.jpg",
    "seed_shape_arabic": "مغطاة البذور",
    "seed_shape_english": "",
    "cotyledon_type": "DI",
    "flower_type": "HERMAPHRODITE"
  }
},
{
  "model": "api.plant",
  "pk": 40,
  "fields": {
    "name_arabic": "الباميا",
    "name_english": "",
    "name_scientific": "Abelmoschus esculentus",
    "family": 11,
    "classification": "اقتصادي",
    "description": "نبات عشبي سنوي من الفصيلة الخبازية، موطنه الأصلي على الأرجح شرق أفريقيا أو جنوب آسيا. ينمو بشكل قائم ويتراوح ارتفاعه بين 1-2 متر، وله ساق صلبة وأوراق كبيرة راحية مفصصة ذات حواف مسننة. أزهارها كبيرة جميلة صفراء كريمية اللون مع مركز أرجواني داكن، تشبه أزهار الهبسكس، وتتفتح في الصباح وتذبل في نفس اليوم. تتحول الأزهار إلى ثمار خضراء على شكل كبسولات مضلعة طولية (قرون) تحتوي على صفوف من البذور المستديرة. تتميز قرون البامية الغضة بملمسها المخاطي اللزج عند تقطيعها بسبب المواد المخاطية الذائبة فيها. تُحصد قرون البامية وهي غضة قبل أن تتليف، وتطبخ بعدة طرق كالسلق والقلي والشوي وإضافتها للشوربات واليخنات. تعتبر البامية من الخضروات الشائعة في المطابخ الأفريقية والعربية والهندية والأمريكية الجنوبية، وهي مكون أساسي في أطباق مثل البامية باللحم والجمبو الكريولي. تعد البامية غنية بالألياف الذائبة والبروتين وفيتامينات K وC والفولات والمنغنيز والمغنيسيوم. المواد المخاطية في البامية تساعد على تنظيم مستويات السكر في الدم وخفض الكولسترول، كما تستخدم في بعض الثقافات كبديل للبيض في وصفات الخبز. تتحمل البامية الحرارة والجفاف النسبي، لذا تنجح زراعتها في المناطق الحارة.",
    "image": "plants/Abelmoschus_esculentus.jpg",
    "seed_shape_arabic": "مغطاة البذور",
    "seed_shape_english": "",
    "cotyledon_type": "DI",
    "flower_type": "HERMAPHRODITE"
  }
},
{
  "model": "api.maleflower",
  "pk": 1,
  "fields": {
    "sepal_arrangement": "NONE",
    "sepal_range_min": null,
    "sepal_range_max": null,
    "sepals_fused": false,
    "petal_arrangement": "NONE",
    "petal_range_min": null,
    "petal_range_max": null,
    "petals_fused": false,
    "plant": 1,
    "stamens": "عدد غير منتهي من الاسدية"
  }
},
{
  "model": "api.maleflower",
  "pk": 2,
  "fields": {
    "sepal_arrangement": "RANGE",
    "sepal_range_min": 4,
    "sepal_range_max": 8,
    "sepals_fused": false,
    "petal_arrangement": "NONE",
    "petal_range_min": null,
    "petal_range_max": null,
    "petals_fused": false,
    "plant": 2,
    "stamens": "4 الى 40 سداة"
  }
},
{
  "model": "api.maleflower",
  "pk": 3,
  "fields": {
    "sepal_arrangement": "NONE",
    "sepal_range_min": null,
    "sepal_range_max": null,
    "sepals_fused": false,
    "petal_arrangement": "NONE",
    "petal_range_min": null,
    "petal_range_max": null,
    "petals_fused": false,
    "plant": 4,
    "stamens": "2 الى عدد غير محدد من الاسدية"
  }
},
{
  "model": "api.maleflower",
  "pk": 4,
  "fields": {
    "sepal_arrangement": "RANGE",
    "sepal_range_min": 4,
    "sepal_range_max": 4,
    "sepals_fused": false,
    "petal_arrangement": "NONE",
    "petal_range_min": null,
    "petal_range_max": null,
    "petals_fused": false,
    "plant": 13,
    "stamens": "4 اسدية"
  }
},
{
  "model": "api.maleflower",
  "pk": 5,
  "fields": {
    "sepal_arrangement": "RANGE",
    "sepal_range_min": 4,
    "sepal_range_max": 4,
    "sepals_fused": false,
    "petal_arrangement": "NONE",
    "petal_range_min": null,
    "petal_range_max": null,
    "petals_fused": false,
    "plant": 14,
    "stamens": "4 اسدية"
  }
},
{
  "model": "api.maleflower",
  "pk": 6,
  "fields": {
    "sepal_arrangement": "RANGE",
    "sepal_range_min": 4,
    "sepal_range_max": 4,
    "sepals_fused": false,
    "petal_arrangement": "NONE",
    "petal_range_min": null,
    "petal_range_max": null,
    "petals_fused": false,
    "plant": 15,
    "stamens": "4 اسدية"
  }
},
{
  "model": "api.maleflower",
  "pk": 7,
  "fields": {
    "sepal_arrangement": "RANGE",
    "sepal_range_min": 5,
    "sepal_range_max": 5,
    "sepals_fused": true,
    "petal_arrangement": "RANGE",
    "petal_range_min": 5,
    "petal_range_max": 5,
    "petals_fused": true,
    "plant": 17,
    "stamens": "3 + 2 من الاسدية"
  }
},
{
  "model": "api.maleflower",
  "pk": 8,
  "fields": {
    "sepal_arrangement": "RANGE",
    "sepal_range_min": 5,
    "sepal_range_max": 5,
    "sepals_fused": true,
    "petal_arrangement": "RANGE",
    "petal_range_min": 5,
    "petal_range_max": 5,
    "petals_fused": true,
    "plant": 18,
    "stamens": "3 + 2 من الاسدية"
  }
},
{
  "model": "api.maleflower",
  "pk": 9,
  "fields": {
    "sepal_arrangement": "RANGE",
    "sepal_range_min": 5,
    "sepal_range_max": 5,
    "sepals_fused": true,
    "petal_arrangement": "RANGE",
    "petal_range_min": 5,
    "petal_range_max": 5,
    "petals_fused": true,
    "plant": 19,
    "stamens": "3 + 2 من الاسدية"
  }
},
{
  "model": "api.maleflower",
  "pk": 10,
  "fields": {
    "sepal_arrangement": "RANGE",
    "sepal_range_min": 3,
    "sepal_range_max": 3,
    "sepals_fused": false,
    "petal_arrangement": "RANGE",
    "petal_range_min": 3,
    "petal_range_max": 3,
    "petals_fused": false,
    "plant": 30,
    "stamens": "6 الى عدد غير محدد من الاسدية"
  }
},
{
  "model": "api.maleflower",
  "pk": 11,
  "fields": {
    "sepal_arrangement": "RANGE",
    "sepal_range_min": 1,
    "sepal_range_max": 6,
    "sepals_fused": false,
    "petal_arrangement": "NONE",
    "petal_range_min": null,
    "petal_range_max": null,
    "petals_fused": false,
    "plant": 33,
    "stamens": "1 الى عدد غير محدد من الاسدية"
  }
},
{
  "model": "api.femaleflower",
  "pk": 1,
  "fields": {
    "sepal_arrangement": "NONE",
    "sepal_range_min": null,
    "sepal_range_max": null,
    "sepals_fused": false,
    "petal_arrangement": "NONE",
    "petal_range_min": null,
    "petal_range_max": null,
    "petals_fused": false,
    "plant": 1,
    "carpels": "من 1 الى مالانهاية من الكربلات"
  }
},
{
  "model": "api.femaleflower",
  "pk": 2,
  "fields": {
    "sepal_arrangement": "RANGE",
    "sepal_range_min": 6,
    "sepal_range_max": 8,
    "sepals_fused": false,
    "petal_arrangement": "NONE",
    "petal_range_min": null,
    "petal_range_max": null,
    "petals_fused": false,
    "plant": 2,
    "carpels": "3 الى 6 مع اندماج الكربلات للتشكل مبيض كبير"
  }
},
{
  "model": "api.femaleflower",
  "pk": 3,
  "fields": {
    "sepal_arrangement": "NONE",
    "sepal_range_min": null,
    "sepal_range_max": null,
    "sepals_fused": false,
    "petal_arrangement": "NONE",
    "petal_range_min": null,
    "petal_range_max": null,
    "petals_fused": false,
    "plant": 4,
    "carpels": "2 الى 4 كربلات تندمج للتشكل مبيض كبير"
  }
},
{
  "model": "api.femaleflower",
  "pk": 4,
  "fields": {
    "sepal_arrangement": "RANGE",
    "sepal_range_min": 4,
    "sepal_range_max": 4,
    "sepals_fused": false,
    "petal_arrangement": "NONE",
    "petal_range_min": null,
    "petal_range_max": null,
    "petals_fused": false,
    "plant": 13,
    "carpels": "2 من الكربلات تندمج لتشكل مبيض كبير"
  }
},
{
  "model": "api.femaleflower",
  "pk": 5,
  "fields": {
    "sepal_arrangement": "RANGE",
    "sepal_range_min": 4,
    "sepal_range_max": 4,
    "sepals_fused": false,
    "petal_arrangement": "NONE",
    "petal_range_min": null,
    "petal_range_max": null,
    "petals_fused": false,
    "plant": 14,
    "carpels": "2 من الكربلات تندمج لتشكل مبيض كبير"
  }
},
{
  "model": "api.femaleflower",
  "pk": 6,
  "fields": {
    "sepal_arrangement": "RANGE",
    "sepal_range_min": 4,
    "sepal_range_max": 4,
    "sepals_fused": false,
    "petal_arrangement": "NONE",
    "petal_range_min": null,
    "petal_range_max": null,
    "petals_fused": false,
    "plant": 15,
    "carpels": "2 من الكربلات تندمج لتشكل مبيض كبير"
  }
},
{
  "model": "api.femaleflower",
  "pk": 7,
  "fields": {
    "sepal_arrangement": "RANGE",
    "sepal_range_min": 5,
    "sepal_range_max": 5,
    "sepals_fused": true,
    "petal_arrangement": "RANGE",
    "petal_range_min": 5,
    "petal_range_max": 5,
    "petals_fused": true,
    "plant": 17,
    "carpels": "5 من الكربلات تندمج لتشكل مبيض صغير"
  }
},
{
  "model": "api.femaleflower",
  "pk": 8,
  "fields": {
    "sepal_arrangement": "RANGE",
    "sepal_range_min": 5,
    "sepal_range_max": 5,
    "sepals_fused": true,
    "petal_arrangement": "RANGE",
    "petal_range_min": 5,
    "petal_range_max": 5,
    "petals_fused": true,
    "plant": 18,
    "carpels": "5 من الكربلات تندمج لتشكل مبيض صغير"
  }
},
{
  "model": "api.femaleflower",
  "pk": 9,
  "fields": {
    "sepal_arrangement": "RANGE",
    "sepal_range_min": 5,
    "sepal_range_max": 5,
    "sepals_fused": true,
    "petal_arrangement": "RANGE",
    "petal_range_min": 5,
    "petal_range_max": 5,
    "petals_fused": true,
    "plant": 19,
    "carpels": "5 من الكربلات تندمج لتشكل مبيض صغير"
  }
},
{
  "model": "api.femaleflower",
  "pk": 10,
  "fields": {
    "sepal_arrangement": "RANGE",
    "sepal_range_min": 3,
    "sepal_range_max": 3,
    "sepals_fused": false,
    "petal_arrangement": "RANGE",
    "petal_range_min": 3,
    "petal_range_max": 3,
    "petals_fused": false,
    "plant": 30,
    "carpels": "3 كربلات تندمج لتشكل مبيض كبير"
  }
},
{
  "model": "api.femaleflower",
  "pk": 11,
  "fields": {
    "sepal_arrangement": "NONE",
    "sepal_range_min": null,
    "sepal_range_max": null,
    "sepals_fused": false,
    "petal_arrangement": "NONE",
    "petal_range_min": null,
    "petal_range_max": null,
    "petals_fused": false,
    "plant": 33,
    "carpels": "3 كربلات تندمج لتشكل مبيض كبير"
  }
},
{
  "model": "api.hermaphroditeflower",
  "pk": 1,
  "fields": {
    "sepal_arrangement": "RANGE",
    "sepal_range_min": 4,
    "sepal_range_max": 5,
    "sepals_fused": false,
    "petal_arrangement": "RANGE",
    "petal_range_min": 4,
    "petal_range_max": 5,
    "petals_fused": false,
    "plant": 3,
    "stamens": "8 الى 10",
    "carpels": "4 الى 5 مع اندماج الكربلات لتشكل مبيض كبير"
  }
},
{
  "model": "api.hermaphroditeflower",
  "pk": 2,
  "fields": {
    "sepal_arrangement": "RANGE",
    "sepal_range_min": 2,
    "sepal_range_max": 3,
    "sepals_fused": false,
    "petal_arrangement": "RANGE",
    "petal_range_min": 2,
    "petal_range_max": 3,
    "petals_fused": false,
    "plant": 5,
    "stamens": "1 الى 3 اسدية",
    "carpels": "2 الى 3 كربلات تندمج تشكل مبيض كبير"
  }
},
{
  "model": "api.hermaphroditeflower",
  "pk": 3,
  "fields": {
    "sepal_arrangement": "RANGE",
    "sepal_range_min": 5,
    "sepal_range_max": 5,
    "sepals_fused": true,
    "petal_arrangement": "RANGE",
    "petal_range_min": 5,
    "petal_range_max": 5,
    "petals_fused": false,
    "plant": 6,
    "stamens": "10 اسدية مندمجة",
    "carpels": "كربلة واحدة تشكل مبيض كبير"
  }
},
{
  "model": "api.hermaphroditeflower",
  "pk": 4,
  "fields": {
    "sepal_arrangement": "RANGE",
    "sepal_range_min": 4,
    "sepal_range_max": 5,
    "sepals_fused": false,
    "petal_arrangement": "RANGE",
    "petal_range_min": 4,
    "petal_range_max": 5,
    "petals_fused": false,
    "plant": 7,
    "stamens": "4 الى 10",
    "carpels": "2 الى 5 كربلات تندمج تشكل مبيض كبير"
  }
},
{
  "model": "api.hermaphroditeflower",
  "pk": 5,
  "fields": {
    "sepal_arrangement": "RANGE",
    "sepal_range_min": 4,
    "sepal_range_max": 5,
    "sepals_fused": false,
    "petal_arrangement": "NONE",
    "petal_range_min": null,
    "petal_range_max": null,
    "petals_fused": false,
    "plant": 8,
    "stamens": "4 الى 5",
    "carpels": "2 الى 3 كربلات تندمج تشكل مبيض كبير"
  }
},
{
  "model": "api.hermaphroditeflower",
  "pk": 6,
  "fields": {
    "sepal_arrangement": "RANGE",
    "sepal_range_min": 4,
    "sepal_range_max": 5,
    "sepals_fused": false,
    "petal_arrangement": "NONE",
    "petal_range_min": null,
    "petal_range_max": null,
    "petals_fused": false,
    "plant": 9,
    "stamens": "4 الى 5",
    "carpels": "2 الى 3 كربلات تندمج تشكل مبيض كبير"
  }
},
{
  "model": "api.hermaphroditeflower",
  "pk": 7,
  "fields": {
    "sepal_arrangement": "RANGE",
    "sepal_range_min": 4,
    "sepal_range_max": 5,
    "sepals_fused": false,
    "petal_arrangement": "NONE",
    "petal_range_min": null,
    "petal_range_max": null,
    "petals_fused": false,
    "plant": 10,
    "stamens": "4 الى 5",
    "carpels": "2 الى 3 كربلات تندمج تشكل مبيض كبير"
  }
},
{
  "model": "api.hermaphroditeflower",
  "pk": 8,
  "fields": {
    "sepal_arrangement": "RANGE",
    "sepal_range_min": 5,
    "sepal_range_max": 5,
    "sepals_fused": false,
    "petal_arrangement": "RANGE",
    "petal_range_min": 5,
    "petal_range_max": 5,
    "petals_fused": false,
    "plant": 11,
    "stamens": "عدد غير محدد",
    "carpels": "1 الى عدد غير محدد من الكربلات تشكل مبيض كبير او صغير"
  }
},
{
  "model": "api.hermaphroditeflower",
  "pk": 9,
  "fields": {
    "sepal_arrangement": "RANGE",
    "sepal_range_min": 5,
    "sepal_range_max": 5,
    "sepals_fused": false,
    "petal_arrangement": "RANGE",
    "petal_range_min": 5,
    "petal_range_max": 5,
    "petals_fused": false,
    "plant": 12,
    "stamens": "عدد غير محدد",
    "carpels": "2 الى عدد غير محدد من الكربلات التندمج تشكل مبيض كبير"
  }
},
{
  "model": "api.hermaphroditeflower",
  "pk": 10,
  "fields": {
    "sepal_arrangement": "RANGE",
    "sepal_range_min": 4,
    "sepal_range_max": 4,
    "sepals_fused": false,
    "petal_arrangement": "RANGE",
    "petal_range_min": 4,
    "petal_range_max": 4,
    "petals_fused": false,
    "plant": 16,
    "stamens": "6 اسدية : 2 قصيرة و4 طويلة",
    "carpels": "2 من الكربلات التندمج تشكل مبيض كبير"
  }
},
{
  "model": "api.hermaphroditeflower",
  "pk": 11,
  "fields": {
    "sepal_arrangement": "RANGE",
    "sepal_range_min": 5,
    "sepal_range_max": 5,
    "sepals_fused": true,
    "petal_arrangement": "RANGE",
    "petal_range_min": 5,
    "petal_range_max": 5,
    "petals_fused": true,
    "plant": 20,
    "stamens": "5 اسدية",
    "carpels": "2 من الكربلات التندمج تشكل مبيض كبير"
  }
},
{
  "model": "api.hermaphroditeflower",
  "pk": 12,
  "fields": {
    "sepal_arrangement": "RANGE",
    "sepal_range_min": 2,
    "sepal_range_max": 3,
    "sepals_fused": false,
    "petal_arrangement": "NONE",
    "petal_range_min": null,
    "petal_range_max": null,
    "petals_fused": false,
    "plant": 21,
    "stamens": "1 الى 5 اسدية",
    "carpels": "2 الى 3 كربلات تندمج تشكل مبيض كبير"
  }
},
{
  "model": "api.hermaphroditeflower",
  "pk": 13,
  "fields": {
    "sepal_arrangement": "RANGE",
    "sepal_range_min": 5,
    "sepal_range_max": 5,
    "sepals_fused": true,
    "petal_arrangement": "RANGE",
    "petal_range_min": 5,
    "petal_range_max": 5,
    "petals_fused": false,
    "plant": 22,
    "stamens": "10 اسدية مندمجة",
    "carpels": "كربلة واحدة تشكل مبيض كبير"
  }
},
{
  "model": "api.hermaphroditeflower",
  "pk": 14,
  "fields": {
    "sepal_arrangement": "RANGE",
    "sepal_range_min": 2,
    "sepal_range_max": 3,
    "sepals_fused": false,
    "petal_arrangement": "RANGE",
    "petal_range_min": 2,
    "petal_range_max": 3,
    "petals_fused": false,
    "plant": 23,
    "stamens": "1 الى 3 اسدية",
    "carpels": "2 الى 3 كربلات تندمج تشكل مبيض كبير"
  }
},
{
  "model": "api.hermaphroditeflower",
  "pk": 15,
  "fields": {
    "sepal_arrangement": "RANGE",
    "sepal_range_min": 4,
    "sepal_range_max": 5,
    "sepals_fused": false,
    "petal_arrangement": "NONE",
    "petal_range_min": null,
    "petal_range_max": null,
    "petals_fused": false,
    "plant": 24,
    "stamens": "4 الى 5 اسدية",
    "carpels": "2 الى 3 كربلات تندمج تشكل مبيض كبير"
  }
},
{
  "model": "api.hermaphroditeflower",
  "pk": 16,
  "fields": {
    "sepal_arrangement": "RANGE",
    "sepal_range_min": 4,
    "sepal_range_max": 5,
    "sepals_fused": false,
    "petal_arrangement": "RANGE",
    "petal_range_min": 4,
    "petal_range_max": 5,
    "petals_fused": false,
    "plant": 25,
    "stamens": "8 الى 10",
    "carpels": "4 الى 5 الكربلات تندمج لتشكل مبيض كبير"
  }
},
{
  "model": "api.hermaphroditeflower",
  "pk": 17,
  "fields": {
    "sepal_arrangement": "RANGE",
    "sepal_range_min": 5,
    "sepal_range_max": 5,
    "sepals_fused": true,
    "petal_arrangement": "RANGE",
    "petal_range_min": 5,
    "petal_range_max": 5,
    "petals_fused": false,
    "plant": 26,
    "stamens": "10 اسدية مندمجة",
    "carpels": "كربلة واحدة تشكل مبيض كبير"
  }
},
{
  "model": "api.hermaphroditeflower",
  "pk": 18,
  "fields": {
    "sepal_arrangement": "RANGE",
    "sepal_range_min": 2,
    "sepal_range_max": 3,
    "sepals_fused": false,
    "petal_arrangement": "RANGE",
    "petal_range_min": 2,
    "petal_range_max": 3,
    "petals_fused": false,
    "plant": 27,
    "stamens": "1 الى 3 اسدية",
    "carpels": "2 الى 3 كربلات تندمج تشكل مبيض كبير"
  }
},
{
  "model": "api.hermaphroditeflower",
  "pk": 19,
  "fields": {
    "sepal_arrangement": "RANGE",
    "sepal_range_min": 2,
    "sepal_range_max": 3,
    "sepals_fused": false,
    "petal_arrangement": "RANGE",
    "petal_range_min": 2,
    "petal_range_max": 3,
    "petals_fused": false,
    "plant": 28,
    "stamens": "1 الى 3 اسدية",
    "carpels": "2 الى 3 كربلات تندمج تشكل مبيض كبير"
  }
},
{
  "model": "api.hermaphroditeflower",
  "pk": 20,
  "fields": {
    "sepal_arrangement": "RANGE",
    "sepal_range_min": 5,
    "sepal_range_max": 5,
    "sepals_fused": true,
    "petal_arrangement": "RANGE",
    "petal_range_min": 5,
    "petal_range_max": 5,
    "petals_fused": true,
    "plant": 29,
    "stamens": "4 اسدية",
    "carpels": "2 من الكربلات التندمج تشكل مبيض كبير"
  }
},
{
  "model": "api.hermaphroditeflower",
  "pk": 21,
  "fields": {
    "sepal_arrangement": "RANGE",
    "sepal_range_min": 2,
    "sepal_range_max": 3,
    "sepals_fused": false,
    "petal_arrangement": "RANGE",
    "petal_range_min": 2,
    "petal_range_max": 3,
    "petals_fused": false,
    "plant": 31,
    "stamens": "1 الى 3 اسدية",
    "carpels": "2 الى 3 كربلات تندمج تشكل مبيض كبير"
  }
},
{
  "model": "api.hermaphroditeflower",
  "pk": 22,
  "fields": {
    "sepal_arrangement": "RANGE",
    "sepal_range_min": 2,
    "sepal_range_max": 3,
    "sepals_fused": false,
    "petal_arrangement": "RANGE",
    "petal_range_min": 2,
    "petal_range_max": 3,
    "petals_fused": false,
    "plant": 32,
    "stamens": "1 الى 3 اسدية",
    "carpels": "2 الى 3 كربلات تندمج تشكل مبيض كبير"
  }
},
{
  "model": "api.hermaphroditeflower",
  "pk": 23,
  "fields": {
    "sepal_arrangement": "RANGE",
    "sepal_range_min": 3,
    "sepal_range_max": 3,
    "sepals_fused": false,
    "petal_arrangement": "RANGE",
    "petal_range_min": 3,
    "petal_range_max": 3,
    "petals_fused": false,
    "plant": 34,
    "stamens": "3 اسدية",
    "carpels": "3 كربلات تندمج تشكل مبيض صغير"
  }
},
{
  "model": "api.hermaphroditeflower",
  "pk": 24,
  "fields": {
    "sepal_arrangement": "RANGE",
    "sepal_range_min": 2,
    "sepal_range_max": 3,
    "sepals_fused": false,
    "petal_arrangement": "RANGE",
    "petal_range_min": 2,
    "petal_range_max": 3,
    "petals_fused": false,
    "plant": 35,
    "stamens": "1 الى 3 اسدية",
    "carpels": "2 الى 3 كربلات تندمج تشكل مبيض كبير"
  }
},
{
  "model": "api.hermaphroditeflower",
  "pk": 25,
  "fields": {
    "sepal_arrangement": "RANGE",
    "sepal_range_min": 3,
    "sepal_range_max": 3,
    "sepals_fused": false,
    "petal_arrangement": "RANGE",
    "petal_range_min": 3,
    "petal_range_max": 3,
    "petals_fused": false,
    "plant": 36,
    "stamens": "6 اسدية",
    "carpels": "3 كربلات تندمج تشكل مبيض صغير"
  }
},
{
  "model": "api.hermaphroditeflower",
  "pk": 26,
  "fields": {
    "sepal_arrangement": "RANGE",
    "sepal_range_min": 5,
    "sepal_range_max": 5,
    "sepals_fused": true,
    "petal_arrangement": "RANGE",
    "petal_range_min": 5,
    "petal_range_max": 5,
    "petals_fused": true,
    "plant": 37,
    "stamens": "5 اسدية",
    "carpels": "2 من الكربلات التندمج تشكل مبيض كبير"
  }
},
{
  "model": "api.hermaphroditeflower",
  "pk": 27,
  "fields": {
    "sepal_arrangement": "RANGE",
    "sepal_range_min": 5,
    "sepal_range_max": 5,
    "sepals_fused": true,
    "petal_arrangement": "RANGE",
    "petal_range_min": 5,
    "petal_range_max": 5,
    "petals_fused": true,
    "plant": 38,
    "stamens": "5 اسدية",
    "carpels": "2 من الكربلات التندمج تشكل مبيض كبير"
  }
},
{
  "model": "api.hermaphroditeflower",
  "pk": 28,
  "fields": {
    "sepal_arrangement": "RANGE",
    "sepal_range_min": 5,
    "sepal_range_max": 5,
    "sepals_fused": true,
    "petal_arrangement": "RANGE",
    "petal_range_min": 5,
    "petal_range_max": 5,
    "petals_fused": true,
    "plant": 39,
    "stamens": "5 اسدية",
    "carpels": "2 من الكربلات التندمج تشكل مبيض كبير"
  }
},
{
  "model": "api.hermaphroditeflower",
  "pk": 29,
  "fields": {
    "sepal_arrangement": "RANGE",
    "sepal_range_min": 5,
    "sepal_range_max": 5,
    "sepals_fused": false,
    "petal_arrangement": "RANGE",
    "petal_range_min": 5,
    "petal_range_max": 5,
    "petals_fused": false,
    "plant": 40,
    "stamens": "عدد غير محدد",
    "carpels": "2 الى عدد غير محدد من الكربلات التندمج تشكل مبيض كبير"
  }
},
{
  "model": "api.plantlocation",
  "pk": 5,
  "fields": {
    "plant": 2,
    "user": 6,
    "latitude": "33.315198",
    "longitude": "44.366100",
    "quantity": 15,
    "notes": "hello",
    "created_at": "2025-04-09T16:16:05.215Z"
  }
},
{
  "model": "api.plantlocation",
  "pk": 6,
  "fields": {
    "plant": 7,
    "user": 6,
    "latitude": "33.315198",
    "longitude": "44.366100",
    "quantity": 15,
    "notes": "hello",
    "created_at": "2025-04-09T23:31:47.527Z"
  }
},
{
  "model": "api.plantlocation",
  "pk": 7,
  "fields": {
    "plant": 18,
    "user": 6,
    "latitude": "33.315198",
    "longitude": "44.366100",
    "quantity": 11,
    "notes": "hhhhhh",
    "created_at": "2025-04-10T12:41:33.519Z"
  }
}
]
